-- phpMyAdmin SQL Dump
-- version 4.5.1
-- http://www.phpmyadmin.net
--
-- Хост: 127.0.0.1
-- Время создания: Ноя 17 2016 г., 16:37
-- Версия сервера: 10.1.13-MariaDB
-- Версия PHP: 7.0.6

SET SQL_MODE = "NO_AUTO_VALUE_ON_ZERO";
SET time_zone = "+00:00";


/*!40101 SET @OLD_CHARACTER_SET_CLIENT=@@CHARACTER_SET_CLIENT */;
/*!40101 SET @OLD_CHARACTER_SET_RESULTS=@@CHARACTER_SET_RESULTS */;
/*!40101 SET @OLD_COLLATION_CONNECTION=@@COLLATION_CONNECTION */;
/*!40101 SET NAMES utf8mb4 */;

--
-- База данных: `4_news`
--

-- --------------------------------------------------------

--
-- Структура таблицы `advertising`
--

CREATE TABLE `advertising` (
  `id` int(10) UNSIGNED NOT NULL,
  `text` text NOT NULL,
  `firm` varchar(255) NOT NULL,
  `site` varchar(255) NOT NULL,
  `old_price` double NOT NULL,
  `new_price` double NOT NULL
) ENGINE=InnoDB DEFAULT CHARSET=utf8;

--
-- Дамп данных таблицы `advertising`
--

INSERT INTO `advertising` (`id`, `text`, `firm`, `site`, `old_price`, `new_price`) VALUES
(1, 'amet consectetuer adipiscing', 'fermentum justo', 'https://desdev.cn/ultrices/posuere/cubilia/curae.jsp', 2553.24, 2567.02),
(2, 'faucibus orci luctus et ultrices posuere cubilia curae', 'libero', 'http://sciencedirect.com/velit/vivamus/vel/nulla.jsp', 4665.97, 1621.39),
(3, 'sit amet sapien', 'lacus at velit vivamus vel', 'https://globo.com/nullam/sit/amet/turpis/elementum/ligula/vehicula.aspx', 941.95, 1605.04),
(4, 'cras mi pede malesuada in imperdiet', 'dapibus duis at velit eu', 'https://hhs.gov/vestibulum.aspx', 4598.7, 3034.29),
(5, 'ipsum primis in faucibus orci luctus et ultrices', 'orci luctus et', 'http://hhs.gov/donec/vitae/nisi/nam/ultrices/libero.png', 3934.38, 1164.12),
(6, 'congue risus semper porta volutpat quam pede lobortis', 'vel', 'http://tripadvisor.com/habitasse/platea/dictumst/morbi.json', 4949.16, 3628.28),
(7, 'sed lacus morbi sem mauris laoreet ut rhoncus aliquet', 'etiam pretium', 'http://npr.org/magna/at/nunc/commodo/placerat/praesent.jpg', 2554.25, 2791.57),
(8, 'curae nulla dapibus dolor vel est donec odio justo', 'accumsan odio curabitur convallis duis', 'https://comsenz.com/fusce/consequat/nulla/nisl.jpg', 2521.72, 1363.1),
(9, 'porta volutpat erat quisque', 'amet eros suspendisse', 'http://omniture.com/pellentesque/at/nulla/suspendisse/potenti.jsp', 2650.68, 2182.94),
(10, 'odio cras mi', 'non quam nec dui', 'http://dailymotion.com/iaculis/justo/in/hac/habitasse/platea/dictumst.png', 54.86, 3736.65),
(11, 'mauris eget massa tempor convallis nulla neque', 'fermentum donec ut mauris eget', 'https://aboutads.info/ipsum/aliquam/non/mauris/morbi.aspx', 3958.02, 1507.63),
(12, 'sem sed sagittis nam congue risus semper porta volutpat', 'nulla', 'http://goo.gl/in/hac/habitasse.js', 2921.07, 1648.55),
(13, 'felis fusce posuere felis sed lacus morbi sem', 'at nunc commodo placerat', 'https://chronoengine.com/leo/odio/condimentum/id/luctus.jpg', 4340.59, 1958.91),
(14, 'ipsum primis in faucibus orci luctus et ultrices posuere', 'imperdiet', 'http://flavors.me/nascetur/ridiculus/mus/vivamus/vestibulum.html', 1184.73, 3341.06),
(15, 'in magna bibendum imperdiet nullam orci pede venenatis', 'rutrum neque aenean', 'http://so-net.ne.jp/imperdiet.js', 708.11, 615.81),
(16, 'malesuada in imperdiet et commodo vulputate', 'dolor vel est donec', 'http://whitehouse.gov/suspendisse/potenti/in/eleifend/quam/a/odio.png', 1038.71, 2431.82),
(17, 'pellentesque ultrices mattis odio donec vitae nisi nam', 'magna vestibulum aliquet', 'http://ezinearticles.com/in.jsp', 907.92, 4128.84),
(18, 'non sodales sed tincidunt eu felis fusce posuere', 'eget congue eget semper rutrum', 'http://yolasite.com/nulla/ut/erat/id/mauris/vulputate/elementum.jsp', 3012.09, 3865.47),
(19, 'morbi vestibulum velit', 'et commodo vulputate', 'https://nifty.com/quisque/ut.xml', 2804.68, 3012.66),
(20, 'vitae consectetuer eget rutrum at', 'orci nullam molestie nibh', 'https://t.co/cursus/id.jsp', 4101.33, 392.31);

-- --------------------------------------------------------

--
-- Структура таблицы `category`
--

CREATE TABLE `category` (
  `id` int(10) UNSIGNED NOT NULL,
  `id_parent` int(10) UNSIGNED DEFAULT NULL,
  `name` varchar(50) NOT NULL
) ENGINE=InnoDB DEFAULT CHARSET=utf8;

--
-- Дамп данных таблицы `category`
--

INSERT INTO `category` (`id`, `id_parent`, `name`) VALUES
(10, 0, 'Бизнес'),
(4, 0, 'Медицина'),
(7, 0, 'Образование'),
(1, 0, 'Политика'),
(8, 0, 'Путешествия'),
(6, 0, 'Семья'),
(3, 0, 'Спорт'),
(5, 0, 'Технологии'),
(9, 0, 'Экология'),
(2, 0, 'Экономика'),
(13, 1, 'ЕС'),
(15, 1, 'Мир'),
(12, 1, 'Россия'),
(14, 1, 'США'),
(11, 1, 'Украина'),
(18, 2, 'ЕС'),
(17, 2, 'Мир'),
(16, 2, 'Украина'),
(21, 5, 'Зеленые технологии'),
(20, 5, 'Космос'),
(19, 5, 'Нано технологии');

-- --------------------------------------------------------

--
-- Структура таблицы `comment`
--

CREATE TABLE `comment` (
  `id` int(10) UNSIGNED NOT NULL,
  `id_user` int(10) UNSIGNED NOT NULL,
  `id_parent` int(10) UNSIGNED DEFAULT NULL,
  `text` text NOT NULL,
  `plus` int(11) DEFAULT NULL,
  `minus` int(11) DEFAULT NULL,
  `create_date_time` datetime NOT NULL DEFAULT CURRENT_TIMESTAMP,
  `approved` int(11) DEFAULT NULL,
  `id_news` int(10) UNSIGNED NOT NULL
) ENGINE=InnoDB DEFAULT CHARSET=utf8;

--
-- Дамп данных таблицы `comment`
--

INSERT INTO `comment` (`id`, `id_user`, `id_parent`, `text`, `plus`, `minus`, `create_date_time`, `approved`, `id_news`) VALUES
(1, 13, NULL, 'Nam ultrices, libero non mattis pulvinar, nulla pede ullamcorper augue, a suscipit nulla elit ac nulla. Sed vel enim sit amet nunc viverra dapibus. Nulla suscipit ligula in lacus.', NULL, NULL, '2016-11-12 03:06:58', NULL, 191),
(2, 7, NULL, 'Proin eu mi. Nulla ac enim. In tempor, turpis nec euismod scelerisque, quam turpis adipiscing lorem, vitae mattis nibh ligula nec sem.', NULL, NULL, '2016-11-12 03:06:58', NULL, 415),
(3, 10, NULL, 'Proin eu mi. Nulla ac enim. In tempor, turpis nec euismod scelerisque, quam turpis adipiscing lorem, vitae mattis nibh ligula nec sem.', NULL, 7, '2016-11-12 03:06:58', NULL, 218),
(4, 5, NULL, 'Duis aliquam convallis nunc. Proin at turpis a pede posuere nonummy. Integer non velit.', NULL, 2, '2016-11-12 03:06:58', NULL, 295),
(5, 7, NULL, 'Aenean fermentum. Donec ut mauris eget massa tempor convallis. Nulla neque libero, convallis eget, eleifend luctus, ultricies eu, nibh.', NULL, 2, '2016-11-12 03:06:59', NULL, 174),
(6, 7, NULL, 'Vestibulum ac est lacinia nisi venenatis tristique. Fusce congue, diam id ornare imperdiet, sapien urna pretium nisl, ut volutpat sapien arcu sed augue. Aliquam erat volutpat.', NULL, 6, '2016-11-12 03:06:59', NULL, 212),
(7, 5, NULL, 'Proin interdum mauris non ligula pellentesque ultrices. Phasellus id sapien in sapien iaculis congue. Vivamus metus arcu, adipiscing molestie, hendrerit at, vulputate vitae, nisl.', 9, NULL, '2016-11-12 03:06:59', NULL, 282),
(8, 1, NULL, 'Duis aliquam convallis nunc. Proin at turpis a pede posuere nonummy. Integer non velit.', NULL, NULL, '2016-11-12 03:07:00', NULL, 356),
(9, 9, NULL, 'Curabitur gravida nisi at nibh. In hac habitasse platea dictumst. Aliquam augue quam, sollicitudin vitae, consectetuer eget, rutrum at, lorem.', 18, NULL, '2016-11-12 03:07:00', NULL, 106),
(10, 1, NULL, 'Mauris enim leo, rhoncus sed, vestibulum sit amet, cursus id, turpis. Integer aliquet, massa id lobortis convallis, tortor risus dapibus augue, vel accumsan tellus nisi eu orci. Mauris lacinia sapien quis libero.', NULL, 6, '2016-11-12 03:07:00', NULL, 171),
(11, 9, NULL, 'Proin eu mi. Nulla ac enim. In tempor, turpis nec euismod scelerisque, quam turpis adipiscing lorem, vitae mattis nibh ligula nec sem.', NULL, NULL, '2016-11-12 03:07:00', NULL, 439),
(12, 1, NULL, 'Cras non velit nec nisi vulputate nonummy. Maecenas tincidunt lacus at velit. Vivamus vel nulla eget eros elementum pellentesque.', NULL, NULL, '2016-11-12 03:07:01', NULL, 424),
(13, 10, NULL, 'Pellentesque at nulla. Suspendisse potenti. Cras in purus eu magna vulputate luctus.', NULL, NULL, '2016-11-12 03:07:01', NULL, 274),
(14, 12, NULL, 'In sagittis dui vel nisl. Duis ac nibh. Fusce lacus purus, aliquet at, feugiat non, pretium quis, lectus.', NULL, 4, '2016-11-12 03:07:01', NULL, 224),
(15, 7, NULL, 'Nullam sit amet turpis elementum ligula vehicula consequat. Morbi a ipsum. Integer a nibh.', 17, 1, '2016-11-12 03:07:01', NULL, 424),
(16, 12, NULL, 'Vestibulum quam sapien, varius ut, blandit non, interdum in, ante. Vestibulum ante ipsum primis in faucibus orci luctus et ultrices posuere cubilia Curae; Duis faucibus accumsan odio. Curabitur convallis.', NULL, NULL, '2016-11-12 03:07:01', NULL, 344),
(17, 12, NULL, 'Proin eu mi. Nulla ac enim. In tempor, turpis nec euismod scelerisque, quam turpis adipiscing lorem, vitae mattis nibh ligula nec sem.', NULL, NULL, '2016-11-12 03:07:02', NULL, 8),
(18, 6, 14, 'Cum sociis natoque penatibus et magnis dis parturient montes, nascetur ridiculus mus. Vivamus vestibulum sagittis sapien. Cum sociis natoque penatibus et magnis dis parturient montes, nascetur ridiculus mus.', NULL, NULL, '2016-11-12 03:07:02', NULL, 224),
(19, 11, NULL, 'In congue. Etiam justo. Etiam pretium iaculis justo.', NULL, NULL, '2016-11-12 03:07:02', NULL, 318),
(20, 9, NULL, 'In congue. Etiam justo. Etiam pretium iaculis justo.', NULL, NULL, '2016-11-12 03:07:02', NULL, 404),
(21, 8, NULL, 'Nulla ut erat id mauris vulputate elementum. Nullam varius. Nulla facilisi.', NULL, NULL, '2016-11-12 03:07:02', NULL, 55),
(22, 5, NULL, 'Pellentesque at nulla. Suspendisse potenti. Cras in purus eu magna vulputate luctus.', NULL, 7, '2016-11-12 03:07:02', NULL, 433),
(23, 6, NULL, 'Duis bibendum. Morbi non quam nec dui luctus rutrum. Nulla tellus.', NULL, NULL, '2016-11-12 03:07:03', NULL, 150),
(24, 3, NULL, 'Cras non velit nec nisi vulputate nonummy. Maecenas tincidunt lacus at velit. Vivamus vel nulla eget eros elementum pellentesque.', NULL, NULL, '2016-11-12 03:07:03', NULL, 177),
(25, 9, NULL, 'Integer tincidunt ante vel ipsum. Praesent blandit lacinia erat. Vestibulum sed magna at nunc commodo placerat.', 16, 4, '2016-11-12 03:07:03', NULL, 119),
(26, 3, NULL, 'Proin eu mi. Nulla ac enim. In tempor, turpis nec euismod scelerisque, quam turpis adipiscing lorem, vitae mattis nibh ligula nec sem.', NULL, 8, '2016-11-12 03:07:03', NULL, 212),
(27, 11, NULL, 'Mauris enim leo, rhoncus sed, vestibulum sit amet, cursus id, turpis. Integer aliquet, massa id lobortis convallis, tortor risus dapibus augue, vel accumsan tellus nisi eu orci. Mauris lacinia sapien quis libero.', NULL, NULL, '2016-11-12 03:07:03', NULL, 162),
(28, 13, NULL, 'Aenean lectus. Pellentesque eget nunc. Donec quis orci eget orci vehicula condimentum.', NULL, 1, '2016-11-12 03:07:03', NULL, 165),
(29, 9, NULL, 'Aliquam quis turpis eget elit sodales scelerisque. Mauris sit amet eros. Suspendisse accumsan tortor quis turpis.', 12, 3, '2016-11-12 03:07:03', NULL, 173),
(30, 9, 20, 'Donec diam neque, vestibulum eget, vulputate ut, ultrices vel, augue. Vestibulum ante ipsum primis in faucibus orci luctus et ultrices posuere cubilia Curae; Donec pharetra, magna vestibulum aliquet ultrices, erat tortor sollicitudin mi, sit amet lobortis sapien sapien non mi. Integer ac neque.', NULL, NULL, '2016-11-12 03:07:03', NULL, 404),
(31, 3, NULL, 'Nulla ut erat id mauris vulputate elementum. Nullam varius. Nulla facilisi.', NULL, 7, '2016-11-12 03:07:03', NULL, 63),
(32, 6, NULL, 'Lorem ipsum dolor sit amet, consectetuer adipiscing elit. Proin risus. Praesent lectus.', 3, NULL, '2016-11-12 03:07:03', NULL, 414),
(33, 5, NULL, 'Nam ultrices, libero non mattis pulvinar, nulla pede ullamcorper augue, a suscipit nulla elit ac nulla. Sed vel enim sit amet nunc viverra dapibus. Nulla suscipit ligula in lacus.', 20, NULL, '2016-11-12 03:07:04', NULL, 263),
(34, 12, NULL, 'In hac habitasse platea dictumst. Etiam faucibus cursus urna. Ut tellus.', NULL, 7, '2016-11-12 03:07:04', NULL, 428),
(35, 6, NULL, 'Morbi porttitor lorem id ligula. Suspendisse ornare consequat lectus. In est risus, auctor sed, tristique in, tempus sit amet, sem.', NULL, NULL, '2016-11-12 03:07:04', NULL, 99),
(36, 11, NULL, 'In quis justo. Maecenas rhoncus aliquam lacus. Morbi quis tortor id nulla ultrices aliquet.', 17, NULL, '2016-11-12 03:07:04', NULL, 96),
(37, 7, NULL, 'Proin interdum mauris non ligula pellentesque ultrices. Phasellus id sapien in sapien iaculis congue. Vivamus metus arcu, adipiscing molestie, hendrerit at, vulputate vitae, nisl.', 20, NULL, '2016-11-12 03:07:04', NULL, 113),
(38, 9, NULL, 'Donec diam neque, vestibulum eget, vulputate ut, ultrices vel, augue. Vestibulum ante ipsum primis in faucibus orci luctus et ultrices posuere cubilia Curae; Donec pharetra, magna vestibulum aliquet ultrices, erat tortor sollicitudin mi, sit amet lobortis sapien sapien non mi. Integer ac neque.', NULL, NULL, '2016-11-12 03:07:04', NULL, 404),
(39, 2, NULL, 'Sed sagittis. Nam congue, risus semper porta volutpat, quam pede lobortis ligula, sit amet eleifend pede libero quis orci. Nullam molestie nibh in lectus.', NULL, 9, '2016-11-12 03:07:04', NULL, 348),
(40, 7, 1, 'Vestibulum quam sapien, varius ut, blandit non, interdum in, ante. Vestibulum ante ipsum primis in faucibus orci luctus et ultrices posuere cubilia Curae; Duis faucibus accumsan odio. Curabitur convallis.', NULL, 5, '2016-11-12 03:07:05', NULL, 191),
(41, 1, NULL, 'Phasellus in felis. Donec semper sapien a libero. Nam dui.', 8, NULL, '2016-11-12 03:07:05', NULL, 318),
(42, 12, NULL, 'Duis aliquam convallis nunc. Proin at turpis a pede posuere nonummy. Integer non velit.', 14, NULL, '2016-11-12 03:07:05', NULL, 340),
(43, 11, NULL, 'Nullam sit amet turpis elementum ligula vehicula consequat. Morbi a ipsum. Integer a nibh.', 9, 2, '2016-11-12 03:07:05', NULL, 326),
(44, 13, 8, 'Phasellus sit amet erat. Nulla tempus. Vivamus in felis eu sapien cursus vestibulum.', 6, NULL, '2016-11-12 03:07:05', NULL, 356),
(45, 2, NULL, 'Suspendisse potenti. In eleifend quam a odio. In hac habitasse platea dictumst.', NULL, 10, '2016-11-12 03:07:05', NULL, 407),
(46, 2, NULL, 'Duis aliquam convallis nunc. Proin at turpis a pede posuere nonummy. Integer non velit.', NULL, NULL, '2016-11-12 03:07:05', NULL, 288),
(47, 13, NULL, 'Quisque id justo sit amet sapien dignissim vestibulum. Vestibulum ante ipsum primis in faucibus orci luctus et ultrices posuere cubilia Curae; Nulla dapibus dolor vel est. Donec odio justo, sollicitudin ut, suscipit a, feugiat et, eros.', NULL, 3, '2016-11-12 03:07:05', NULL, 307),
(48, 10, NULL, 'Suspendisse potenti. In eleifend quam a odio. In hac habitasse platea dictumst.', NULL, NULL, '2016-11-12 03:07:06', NULL, 21),
(49, 3, NULL, 'Cum sociis natoque penatibus et magnis dis parturient montes, nascetur ridiculus mus. Vivamus vestibulum sagittis sapien. Cum sociis natoque penatibus et magnis dis parturient montes, nascetur ridiculus mus.', NULL, 9, '2016-11-12 03:07:06', NULL, 249),
(50, 9, NULL, 'Aenean fermentum. Donec ut mauris eget massa tempor convallis. Nulla neque libero, convallis eget, eleifend luctus, ultricies eu, nibh.', 17, NULL, '2016-11-12 03:07:06', NULL, 175),
(51, 10, NULL, 'Duis consequat dui nec nisi volutpat eleifend. Donec ut dolor. Morbi vel lectus in quam fringilla rhoncus.', NULL, NULL, '2016-11-12 03:07:06', NULL, 129),
(52, 13, NULL, 'Morbi porttitor lorem id ligula. Suspendisse ornare consequat lectus. In est risus, auctor sed, tristique in, tempus sit amet, sem.', NULL, NULL, '2016-11-12 03:07:06', NULL, 390),
(53, 2, NULL, 'In congue. Etiam justo. Etiam pretium iaculis justo.', NULL, NULL, '2016-11-12 03:07:06', NULL, 452),
(54, 2, NULL, 'Aliquam quis turpis eget elit sodales scelerisque. Mauris sit amet eros. Suspendisse accumsan tortor quis turpis.', 7, NULL, '2016-11-12 03:07:06', NULL, 160),
(55, 1, NULL, 'Mauris enim leo, rhoncus sed, vestibulum sit amet, cursus id, turpis. Integer aliquet, massa id lobortis convallis, tortor risus dapibus augue, vel accumsan tellus nisi eu orci. Mauris lacinia sapien quis libero.', 2, NULL, '2016-11-12 03:07:07', NULL, 62),
(56, 3, NULL, 'Praesent blandit. Nam nulla. Integer pede justo, lacinia eget, tincidunt eget, tempus vel, pede.', NULL, NULL, '2016-11-12 03:07:07', NULL, 418),
(57, 9, NULL, 'Nullam sit amet turpis elementum ligula vehicula consequat. Morbi a ipsum. Integer a nibh.', NULL, NULL, '2016-11-12 03:07:07', NULL, 384),
(58, 4, 14, 'In quis justo. Maecenas rhoncus aliquam lacus. Morbi quis tortor id nulla ultrices aliquet.', NULL, NULL, '2016-11-12 03:07:07', NULL, 224),
(59, 8, NULL, 'Fusce consequat. Nulla nisl. Nunc nisl.', 5, NULL, '2016-11-12 03:07:07', NULL, 122),
(60, 5, 2, 'Lorem ipsum dolor sit amet, consectetuer adipiscing elit. Proin risus. Praesent lectus.', NULL, NULL, '2016-11-12 03:07:07', NULL, 415),
(61, 9, NULL, 'Integer ac leo. Pellentesque ultrices mattis odio. Donec vitae nisi.', 11, NULL, '2016-11-12 03:07:07', NULL, 461),
(62, 12, 14, 'Fusce posuere felis sed lacus. Morbi sem mauris, laoreet ut, rhoncus aliquet, pulvinar sed, nisl. Nunc rhoncus dui vel sem.', 4, 7, '2016-11-12 03:07:08', NULL, 224),
(63, 1, NULL, 'Proin eu mi. Nulla ac enim. In tempor, turpis nec euismod scelerisque, quam turpis adipiscing lorem, vitae mattis nibh ligula nec sem.', NULL, NULL, '2016-11-12 03:07:08', NULL, 30),
(64, 7, 15, 'Cum sociis natoque penatibus et magnis dis parturient montes, nascetur ridiculus mus. Vivamus vestibulum sagittis sapien. Cum sociis natoque penatibus et magnis dis parturient montes, nascetur ridiculus mus.', NULL, 8, '2016-11-12 03:07:08', NULL, 424),
(65, 13, 18, 'Pellentesque at nulla. Suspendisse potenti. Cras in purus eu magna vulputate luctus.', NULL, 9, '2016-11-12 03:07:08', NULL, 224),
(66, 5, 1, 'Curabitur in libero ut massa volutpat convallis. Morbi odio odio, elementum eu, interdum eu, tincidunt in, leo. Maecenas pulvinar lobortis est.', NULL, NULL, '2016-11-12 03:07:08', NULL, 191),
(67, 9, NULL, 'Cras mi pede, malesuada in, imperdiet et, commodo vulputate, justo. In blandit ultrices enim. Lorem ipsum dolor sit amet, consectetuer adipiscing elit.', NULL, NULL, '2016-11-12 03:07:08', NULL, 63),
(68, 12, NULL, 'Fusce posuere felis sed lacus. Morbi sem mauris, laoreet ut, rhoncus aliquet, pulvinar sed, nisl. Nunc rhoncus dui vel sem.', 14, NULL, '2016-11-12 03:07:09', NULL, 394),
(69, 3, NULL, 'Proin eu mi. Nulla ac enim. In tempor, turpis nec euismod scelerisque, quam turpis adipiscing lorem, vitae mattis nibh ligula nec sem.', 5, NULL, '2016-11-12 03:07:09', NULL, 92),
(70, 9, NULL, 'Proin leo odio, porttitor id, consequat in, consequat ut, nulla. Sed accumsan felis. Ut at dolor quis odio consequat varius.', NULL, 9, '2016-11-12 03:07:09', NULL, 379),
(71, 7, NULL, 'Curabitur gravida nisi at nibh. In hac habitasse platea dictumst. Aliquam augue quam, sollicitudin vitae, consectetuer eget, rutrum at, lorem.', NULL, NULL, '2016-11-12 03:07:09', NULL, 461),
(72, 11, NULL, 'Proin leo odio, porttitor id, consequat in, consequat ut, nulla. Sed accumsan felis. Ut at dolor quis odio consequat varius.', 14, 6, '2016-11-12 03:07:09', NULL, 229),
(73, 1, NULL, 'Morbi non lectus. Aliquam sit amet diam in magna bibendum imperdiet. Nullam orci pede, venenatis non, sodales sed, tincidunt eu, felis.', NULL, NULL, '2016-11-12 03:07:10', NULL, 497),
(74, 9, NULL, 'Duis bibendum, felis sed interdum venenatis, turpis enim blandit mi, in porttitor pede justo eu massa. Donec dapibus. Duis at velit eu est congue elementum.', 14, NULL, '2016-11-12 03:07:10', NULL, 8),
(75, 6, NULL, 'Curabitur at ipsum ac tellus semper interdum. Mauris ullamcorper purus sit amet nulla. Quisque arcu libero, rutrum ac, lobortis vel, dapibus at, diam.', NULL, 10, '2016-11-12 03:07:10', NULL, 472),
(76, 2, NULL, 'Sed sagittis. Nam congue, risus semper porta volutpat, quam pede lobortis ligula, sit amet eleifend pede libero quis orci. Nullam molestie nibh in lectus.', 7, NULL, '2016-11-12 03:07:10', NULL, 62),
(77, 2, NULL, 'Suspendisse potenti. In eleifend quam a odio. In hac habitasse platea dictumst.', NULL, NULL, '2016-11-12 03:07:10', NULL, 114),
(78, 13, NULL, 'Cras non velit nec nisi vulputate nonummy. Maecenas tincidunt lacus at velit. Vivamus vel nulla eget eros elementum pellentesque.', 7, 8, '2016-11-12 03:07:10', NULL, 291),
(79, 9, NULL, 'Maecenas tristique, est et tempus semper, est quam pharetra magna, ac consequat metus sapien ut nunc. Vestibulum ante ipsum primis in faucibus orci luctus et ultrices posuere cubilia Curae; Mauris viverra diam vitae quam. Suspendisse potenti.', NULL, 1, '2016-11-12 03:07:10', NULL, 486),
(80, 3, NULL, 'Aenean lectus. Pellentesque eget nunc. Donec quis orci eget orci vehicula condimentum.', 14, NULL, '2016-11-12 03:07:11', NULL, 21),
(81, 6, NULL, 'In sagittis dui vel nisl. Duis ac nibh. Fusce lacus purus, aliquet at, feugiat non, pretium quis, lectus.', NULL, NULL, '2016-11-12 03:07:11', NULL, 390),
(82, 8, NULL, 'Phasellus sit amet erat. Nulla tempus. Vivamus in felis eu sapien cursus vestibulum.', NULL, NULL, '2016-11-12 03:07:11', NULL, 381),
(83, 2, NULL, 'Nulla ut erat id mauris vulputate elementum. Nullam varius. Nulla facilisi.', NULL, NULL, '2016-11-12 03:07:11', NULL, 373),
(84, 12, NULL, 'Sed ante. Vivamus tortor. Duis mattis egestas metus.', 19, NULL, '2016-11-12 03:07:11', NULL, 493),
(85, 3, NULL, 'Etiam vel augue. Vestibulum rutrum rutrum neque. Aenean auctor gravida sem.', NULL, NULL, '2016-11-12 03:07:11', NULL, 351),
(86, 8, 11, 'Proin interdum mauris non ligula pellentesque ultrices. Phasellus id sapien in sapien iaculis congue. Vivamus metus arcu, adipiscing molestie, hendrerit at, vulputate vitae, nisl.', 16, NULL, '2016-11-12 03:07:11', NULL, 439),
(87, 11, NULL, 'In quis justo. Maecenas rhoncus aliquam lacus. Morbi quis tortor id nulla ultrices aliquet.', NULL, 3, '2016-11-12 03:07:12', NULL, 318),
(88, 5, 3, 'Lorem ipsum dolor sit amet, consectetuer adipiscing elit. Proin risus. Praesent lectus.', 16, NULL, '2016-11-12 03:07:12', NULL, 218),
(89, 13, NULL, 'Nam ultrices, libero non mattis pulvinar, nulla pede ullamcorper augue, a suscipit nulla elit ac nulla. Sed vel enim sit amet nunc viverra dapibus. Nulla suscipit ligula in lacus.', NULL, 5, '2016-11-12 03:07:12', NULL, 86),
(90, 6, NULL, 'Curabitur in libero ut massa volutpat convallis. Morbi odio odio, elementum eu, interdum eu, tincidunt in, leo. Maecenas pulvinar lobortis est.', 19, NULL, '2016-11-12 03:07:12', NULL, 29),
(91, 8, NULL, 'Sed ante. Vivamus tortor. Duis mattis egestas metus.', 13, NULL, '2016-11-12 03:07:12', NULL, 409),
(92, 13, NULL, 'Phasellus sit amet erat. Nulla tempus. Vivamus in felis eu sapien cursus vestibulum.', 9, 6, '2016-11-12 03:07:12', NULL, 379),
(93, 7, NULL, 'Integer ac leo. Pellentesque ultrices mattis odio. Donec vitae nisi.', 10, NULL, '2016-11-12 03:07:13', NULL, 35),
(94, 2, 10, 'Duis bibendum. Morbi non quam nec dui luctus rutrum. Nulla tellus.', 4, NULL, '2016-11-12 03:07:13', NULL, 171),
(95, 2, 14, 'In hac habitasse platea dictumst. Etiam faucibus cursus urna. Ut tellus.', 18, NULL, '2016-11-12 03:07:13', NULL, 224),
(96, 2, NULL, 'Fusce consequat. Nulla nisl. Nunc nisl.', NULL, 9, '2016-11-12 03:07:13', NULL, 199),
(97, 10, NULL, 'Quisque id justo sit amet sapien dignissim vestibulum. Vestibulum ante ipsum primis in faucibus orci luctus et ultrices posuere cubilia Curae; Nulla dapibus dolor vel est. Donec odio justo, sollicitudin ut, suscipit a, feugiat et, eros.', 13, NULL, '2016-11-12 03:07:13', NULL, 374),
(98, 1, NULL, 'Mauris enim leo, rhoncus sed, vestibulum sit amet, cursus id, turpis. Integer aliquet, massa id lobortis convallis, tortor risus dapibus augue, vel accumsan tellus nisi eu orci. Mauris lacinia sapien quis libero.', 2, 10, '2016-11-12 03:07:13', NULL, 111),
(99, 7, NULL, 'Proin interdum mauris non ligula pellentesque ultrices. Phasellus id sapien in sapien iaculis congue. Vivamus metus arcu, adipiscing molestie, hendrerit at, vulputate vitae, nisl.', 20, NULL, '2016-11-12 03:07:13', NULL, 130),
(100, 7, 9, 'Praesent id massa id nisl venenatis lacinia. Aenean sit amet justo. Morbi ut odio.', 3, 6, '2016-11-12 03:07:14', NULL, 106),
(101, 11, NULL, 'Cum sociis natoque penatibus et magnis dis parturient montes, nascetur ridiculus mus. Vivamus vestibulum sagittis sapien. Cum sociis natoque penatibus et magnis dis parturient montes, nascetur ridiculus mus.', 3, 4, '2016-11-12 03:07:14', NULL, 40),
(102, 13, NULL, 'Aenean fermentum. Donec ut mauris eget massa tempor convallis. Nulla neque libero, convallis eget, eleifend luctus, ultricies eu, nibh.', NULL, 2, '2016-11-12 03:07:14', NULL, 364),
(103, 9, NULL, 'Quisque porta volutpat erat. Quisque erat eros, viverra eget, congue eget, semper rutrum, nulla. Nunc purus.', 5, 10, '2016-11-12 03:07:14', NULL, 225),
(104, 6, NULL, 'Cras mi pede, malesuada in, imperdiet et, commodo vulputate, justo. In blandit ultrices enim. Lorem ipsum dolor sit amet, consectetuer adipiscing elit.', 2, NULL, '2016-11-12 03:07:14', NULL, 223),
(105, 6, NULL, 'Vestibulum quam sapien, varius ut, blandit non, interdum in, ante. Vestibulum ante ipsum primis in faucibus orci luctus et ultrices posuere cubilia Curae; Duis faucibus accumsan odio. Curabitur convallis.', 19, NULL, '2016-11-12 03:07:14', NULL, 486),
(106, 11, 16, 'Morbi non lectus. Aliquam sit amet diam in magna bibendum imperdiet. Nullam orci pede, venenatis non, sodales sed, tincidunt eu, felis.', NULL, NULL, '2016-11-12 03:07:14', NULL, 344),
(107, 10, NULL, 'Mauris enim leo, rhoncus sed, vestibulum sit amet, cursus id, turpis. Integer aliquet, massa id lobortis convallis, tortor risus dapibus augue, vel accumsan tellus nisi eu orci. Mauris lacinia sapien quis libero.', 19, NULL, '2016-11-12 03:07:14', NULL, 290),
(108, 5, NULL, 'Nam ultrices, libero non mattis pulvinar, nulla pede ullamcorper augue, a suscipit nulla elit ac nulla. Sed vel enim sit amet nunc viverra dapibus. Nulla suscipit ligula in lacus.', NULL, NULL, '2016-11-12 03:07:14', NULL, 181),
(109, 10, NULL, 'Phasellus sit amet erat. Nulla tempus. Vivamus in felis eu sapien cursus vestibulum.', 8, 1, '2016-11-12 03:07:15', NULL, 268),
(110, 5, NULL, 'Aliquam quis turpis eget elit sodales scelerisque. Mauris sit amet eros. Suspendisse accumsan tortor quis turpis.', NULL, NULL, '2016-11-12 03:07:15', NULL, 362),
(111, 13, NULL, 'Duis bibendum. Morbi non quam nec dui luctus rutrum. Nulla tellus.', 4, NULL, '2016-11-12 03:07:15', NULL, 484),
(112, 2, 14, 'Cum sociis natoque penatibus et magnis dis parturient montes, nascetur ridiculus mus. Vivamus vestibulum sagittis sapien. Cum sociis natoque penatibus et magnis dis parturient montes, nascetur ridiculus mus.', NULL, NULL, '2016-11-12 03:07:15', NULL, 224),
(113, 9, 8, 'Fusce posuere felis sed lacus. Morbi sem mauris, laoreet ut, rhoncus aliquet, pulvinar sed, nisl. Nunc rhoncus dui vel sem.', NULL, NULL, '2016-11-12 03:07:15', NULL, 356),
(114, 13, NULL, 'Aenean fermentum. Donec ut mauris eget massa tempor convallis. Nulla neque libero, convallis eget, eleifend luctus, ultricies eu, nibh.', NULL, 6, '2016-11-12 03:07:15', NULL, 106),
(115, 8, NULL, 'Maecenas tristique, est et tempus semper, est quam pharetra magna, ac consequat metus sapien ut nunc. Vestibulum ante ipsum primis in faucibus orci luctus et ultrices posuere cubilia Curae; Mauris viverra diam vitae quam. Suspendisse potenti.', NULL, NULL, '2016-11-12 03:07:15', NULL, 327),
(116, 8, NULL, 'In hac habitasse platea dictumst. Etiam faucibus cursus urna. Ut tellus.', NULL, NULL, '2016-11-12 03:07:16', NULL, 270),
(117, 9, NULL, 'In hac habitasse platea dictumst. Morbi vestibulum, velit id pretium iaculis, diam erat fermentum justo, nec condimentum neque sapien placerat ante. Nulla justo.', 2, 1, '2016-11-12 03:07:16', NULL, 62),
(118, 3, NULL, 'In hac habitasse platea dictumst. Morbi vestibulum, velit id pretium iaculis, diam erat fermentum justo, nec condimentum neque sapien placerat ante. Nulla justo.', 7, NULL, '2016-11-12 03:07:16', NULL, 454),
(119, 4, NULL, 'Pellentesque at nulla. Suspendisse potenti. Cras in purus eu magna vulputate luctus.', 7, NULL, '2016-11-12 03:07:16', NULL, 321),
(120, 9, NULL, 'Maecenas leo odio, condimentum id, luctus nec, molestie sed, justo. Pellentesque viverra pede ac diam. Cras pellentesque volutpat dui.', 6, 9, '2016-11-12 03:07:16', NULL, 433),
(121, 9, NULL, 'Quisque porta volutpat erat. Quisque erat eros, viverra eget, congue eget, semper rutrum, nulla. Nunc purus.', 20, 8, '2016-11-12 03:07:16', NULL, 348),
(122, 7, NULL, 'Morbi non lectus. Aliquam sit amet diam in magna bibendum imperdiet. Nullam orci pede, venenatis non, sodales sed, tincidunt eu, felis.', NULL, NULL, '2016-11-12 03:07:16', NULL, 426),
(123, 10, 16, 'Lorem ipsum dolor sit amet, consectetuer adipiscing elit. Proin risus. Praesent lectus.', 17, NULL, '2016-11-12 03:07:16', NULL, 344),
(124, 1, NULL, 'Pellentesque at nulla. Suspendisse potenti. Cras in purus eu magna vulputate luctus.', NULL, NULL, '2016-11-12 03:07:16', NULL, 259),
(125, 7, NULL, 'Proin leo odio, porttitor id, consequat in, consequat ut, nulla. Sed accumsan felis. Ut at dolor quis odio consequat varius.', 17, NULL, '2016-11-12 03:07:16', NULL, 92),
(126, 12, NULL, 'Aliquam quis turpis eget elit sodales scelerisque. Mauris sit amet eros. Suspendisse accumsan tortor quis turpis.', NULL, 6, '2016-11-12 03:07:17', NULL, 368),
(127, 9, 11, 'Nam ultrices, libero non mattis pulvinar, nulla pede ullamcorper augue, a suscipit nulla elit ac nulla. Sed vel enim sit amet nunc viverra dapibus. Nulla suscipit ligula in lacus.', NULL, 3, '2016-11-12 03:07:17', NULL, 439),
(128, 3, NULL, 'Cras non velit nec nisi vulputate nonummy. Maecenas tincidunt lacus at velit. Vivamus vel nulla eget eros elementum pellentesque.', NULL, 2, '2016-11-12 03:07:17', NULL, 9),
(129, 8, NULL, 'Proin interdum mauris non ligula pellentesque ultrices. Phasellus id sapien in sapien iaculis congue. Vivamus metus arcu, adipiscing molestie, hendrerit at, vulputate vitae, nisl.', NULL, NULL, '2016-11-12 03:07:17', NULL, 231),
(130, 10, 18, 'Aenean fermentum. Donec ut mauris eget massa tempor convallis. Nulla neque libero, convallis eget, eleifend luctus, ultricies eu, nibh.', NULL, NULL, '2016-11-12 03:07:17', NULL, 224),
(131, 8, NULL, 'Phasellus sit amet erat. Nulla tempus. Vivamus in felis eu sapien cursus vestibulum.', NULL, NULL, '2016-11-12 03:07:17', NULL, 60),
(132, 12, NULL, 'Nullam porttitor lacus at turpis. Donec posuere metus vitae ipsum. Aliquam non mauris.', 1, 10, '2016-11-12 03:07:17', NULL, 97),
(133, 5, NULL, 'Mauris enim leo, rhoncus sed, vestibulum sit amet, cursus id, turpis. Integer aliquet, massa id lobortis convallis, tortor risus dapibus augue, vel accumsan tellus nisi eu orci. Mauris lacinia sapien quis libero.', NULL, NULL, '2016-11-12 03:07:17', NULL, 307),
(134, 13, NULL, 'Cras non velit nec nisi vulputate nonummy. Maecenas tincidunt lacus at velit. Vivamus vel nulla eget eros elementum pellentesque.', NULL, 2, '2016-11-12 03:07:17', NULL, 104),
(135, 1, 3, 'Nullam sit amet turpis elementum ligula vehicula consequat. Morbi a ipsum. Integer a nibh.', NULL, 4, '2016-11-12 03:07:17', NULL, 218),
(136, 3, NULL, 'Proin eu mi. Nulla ac enim. In tempor, turpis nec euismod scelerisque, quam turpis adipiscing lorem, vitae mattis nibh ligula nec sem.', NULL, NULL, '2016-11-12 03:07:17', NULL, 74),
(137, 4, NULL, 'Quisque porta volutpat erat. Quisque erat eros, viverra eget, congue eget, semper rutrum, nulla. Nunc purus.', NULL, NULL, '2016-11-12 03:07:17', NULL, 216),
(138, 10, 6, 'Morbi non lectus. Aliquam sit amet diam in magna bibendum imperdiet. Nullam orci pede, venenatis non, sodales sed, tincidunt eu, felis.', NULL, NULL, '2016-11-12 03:07:18', NULL, 212),
(139, 2, 9, 'Sed ante. Vivamus tortor. Duis mattis egestas metus.', 16, NULL, '2016-11-12 03:07:18', NULL, 106),
(140, 13, NULL, 'In hac habitasse platea dictumst. Morbi vestibulum, velit id pretium iaculis, diam erat fermentum justo, nec condimentum neque sapien placerat ante. Nulla justo.', NULL, NULL, '2016-11-12 03:07:18', NULL, 499),
(141, 10, NULL, 'Duis consequat dui nec nisi volutpat eleifend. Donec ut dolor. Morbi vel lectus in quam fringilla rhoncus.', NULL, NULL, '2016-11-12 03:07:18', NULL, 334),
(142, 11, 2, 'Proin interdum mauris non ligula pellentesque ultrices. Phasellus id sapien in sapien iaculis congue. Vivamus metus arcu, adipiscing molestie, hendrerit at, vulputate vitae, nisl.', NULL, NULL, '2016-11-12 03:07:18', NULL, 415),
(143, 5, NULL, 'In hac habitasse platea dictumst. Etiam faucibus cursus urna. Ut tellus.', NULL, 8, '2016-11-12 03:07:18', NULL, 345),
(144, 5, NULL, 'Vestibulum quam sapien, varius ut, blandit non, interdum in, ante. Vestibulum ante ipsum primis in faucibus orci luctus et ultrices posuere cubilia Curae; Duis faucibus accumsan odio. Curabitur convallis.', NULL, NULL, '2016-11-12 03:07:18', NULL, 78),
(145, 8, NULL, 'Phasellus in felis. Donec semper sapien a libero. Nam dui.', NULL, NULL, '2016-11-12 03:07:18', NULL, 430),
(146, 5, 12, 'Curabitur at ipsum ac tellus semper interdum. Mauris ullamcorper purus sit amet nulla. Quisque arcu libero, rutrum ac, lobortis vel, dapibus at, diam.', NULL, NULL, '2016-11-12 03:07:18', NULL, 424),
(147, 4, NULL, 'Curabitur gravida nisi at nibh. In hac habitasse platea dictumst. Aliquam augue quam, sollicitudin vitae, consectetuer eget, rutrum at, lorem.', NULL, NULL, '2016-11-12 03:07:18', NULL, 192),
(148, 8, NULL, 'Curabitur gravida nisi at nibh. In hac habitasse platea dictumst. Aliquam augue quam, sollicitudin vitae, consectetuer eget, rutrum at, lorem.', 10, NULL, '2016-11-12 03:07:19', NULL, 380),
(149, 8, 1, 'Duis aliquam convallis nunc. Proin at turpis a pede posuere nonummy. Integer non velit.', NULL, NULL, '2016-11-12 03:07:19', NULL, 191),
(150, 11, NULL, 'Maecenas tristique, est et tempus semper, est quam pharetra magna, ac consequat metus sapien ut nunc. Vestibulum ante ipsum primis in faucibus orci luctus et ultrices posuere cubilia Curae; Mauris viverra diam vitae quam. Suspendisse potenti.', 2, NULL, '2016-11-12 03:07:19', NULL, 479),
(151, 12, NULL, 'Cras mi pede, malesuada in, imperdiet et, commodo vulputate, justo. In blandit ultrices enim. Lorem ipsum dolor sit amet, consectetuer adipiscing elit.', NULL, NULL, '2016-11-12 03:07:19', NULL, 77),
(152, 8, 11, 'Quisque porta volutpat erat. Quisque erat eros, viverra eget, congue eget, semper rutrum, nulla. Nunc purus.', 6, NULL, '2016-11-12 03:07:19', NULL, 439),
(153, 1, NULL, 'Fusce posuere felis sed lacus. Morbi sem mauris, laoreet ut, rhoncus aliquet, pulvinar sed, nisl. Nunc rhoncus dui vel sem.', NULL, NULL, '2016-11-12 03:07:19', NULL, 390),
(154, 12, 20, 'Proin leo odio, porttitor id, consequat in, consequat ut, nulla. Sed accumsan felis. Ut at dolor quis odio consequat varius.', 19, 6, '2016-11-12 03:07:19', NULL, 404),
(155, 9, NULL, 'Vestibulum quam sapien, varius ut, blandit non, interdum in, ante. Vestibulum ante ipsum primis in faucibus orci luctus et ultrices posuere cubilia Curae; Duis faucibus accumsan odio. Curabitur convallis.', NULL, NULL, '2016-11-12 03:07:19', NULL, 494),
(156, 1, NULL, 'Praesent id massa id nisl venenatis lacinia. Aenean sit amet justo. Morbi ut odio.', NULL, NULL, '2016-11-12 03:07:19', NULL, 347),
(157, 3, 17, 'Praesent id massa id nisl venenatis lacinia. Aenean sit amet justo. Morbi ut odio.', 3, NULL, '2016-11-12 03:07:20', NULL, 8),
(158, 5, NULL, 'Proin interdum mauris non ligula pellentesque ultrices. Phasellus id sapien in sapien iaculis congue. Vivamus metus arcu, adipiscing molestie, hendrerit at, vulputate vitae, nisl.', NULL, NULL, '2016-11-12 03:07:20', NULL, 462),
(159, 1, NULL, 'In congue. Etiam justo. Etiam pretium iaculis justo.', NULL, 4, '2016-11-12 03:07:20', NULL, 491),
(160, 5, NULL, 'Aliquam quis turpis eget elit sodales scelerisque. Mauris sit amet eros. Suspendisse accumsan tortor quis turpis.', 16, NULL, '2016-11-12 03:07:20', NULL, 228),
(161, 3, NULL, 'Vestibulum quam sapien, varius ut, blandit non, interdum in, ante. Vestibulum ante ipsum primis in faucibus orci luctus et ultrices posuere cubilia Curae; Duis faucibus accumsan odio. Curabitur convallis.', NULL, NULL, '2016-11-12 03:07:20', NULL, 177),
(162, 5, NULL, 'In hac habitasse platea dictumst. Etiam faucibus cursus urna. Ut tellus.', NULL, 2, '2016-11-12 03:07:20', NULL, 211),
(163, 2, NULL, 'Morbi non lectus. Aliquam sit amet diam in magna bibendum imperdiet. Nullam orci pede, venenatis non, sodales sed, tincidunt eu, felis.', 18, NULL, '2016-11-12 03:07:20', NULL, 381),
(164, 8, NULL, 'Vestibulum ac est lacinia nisi venenatis tristique. Fusce congue, diam id ornare imperdiet, sapien urna pretium nisl, ut volutpat sapien arcu sed augue. Aliquam erat volutpat.', NULL, NULL, '2016-11-12 03:07:20', NULL, 86),
(165, 5, 19, 'Donec diam neque, vestibulum eget, vulputate ut, ultrices vel, augue. Vestibulum ante ipsum primis in faucibus orci luctus et ultrices posuere cubilia Curae; Donec pharetra, magna vestibulum aliquet ultrices, erat tortor sollicitudin mi, sit amet lobortis sapien sapien non mi. Integer ac neque.', 6, NULL, '2016-11-12 03:07:21', NULL, 318),
(166, 8, 16, 'Morbi non lectus. Aliquam sit amet diam in magna bibendum imperdiet. Nullam orci pede, venenatis non, sodales sed, tincidunt eu, felis.', NULL, 2, '2016-11-12 03:07:21', NULL, 344),
(167, 7, 16, 'Mauris enim leo, rhoncus sed, vestibulum sit amet, cursus id, turpis. Integer aliquet, massa id lobortis convallis, tortor risus dapibus augue, vel accumsan tellus nisi eu orci. Mauris lacinia sapien quis libero.', NULL, NULL, '2016-11-12 03:07:21', NULL, 344),
(168, 10, NULL, 'Cras non velit nec nisi vulputate nonummy. Maecenas tincidunt lacus at velit. Vivamus vel nulla eget eros elementum pellentesque.', NULL, NULL, '2016-11-12 03:07:21', NULL, 211),
(169, 5, 7, 'Phasellus in felis. Donec semper sapien a libero. Nam dui.', NULL, NULL, '2016-11-12 03:07:21', NULL, 282),
(170, 8, 11, 'Duis bibendum, felis sed interdum venenatis, turpis enim blandit mi, in porttitor pede justo eu massa. Donec dapibus. Duis at velit eu est congue elementum.', NULL, 10, '2016-11-12 03:07:21', NULL, 439),
(171, 6, NULL, 'Quisque porta volutpat erat. Quisque erat eros, viverra eget, congue eget, semper rutrum, nulla. Nunc purus.', NULL, NULL, '2016-11-12 03:07:21', NULL, 119),
(172, 10, NULL, 'Vestibulum quam sapien, varius ut, blandit non, interdum in, ante. Vestibulum ante ipsum primis in faucibus orci luctus et ultrices posuere cubilia Curae; Duis faucibus accumsan odio. Curabitur convallis.', NULL, NULL, '2016-11-12 03:07:21', NULL, 245),
(173, 4, NULL, 'Integer tincidunt ante vel ipsum. Praesent blandit lacinia erat. Vestibulum sed magna at nunc commodo placerat.', 3, 2, '2016-11-12 03:07:21', NULL, 59),
(174, 3, NULL, 'Proin leo odio, porttitor id, consequat in, consequat ut, nulla. Sed accumsan felis. Ut at dolor quis odio consequat varius.', NULL, NULL, '2016-11-12 03:07:22', NULL, 444),
(175, 11, NULL, 'Fusce consequat. Nulla nisl. Nunc nisl.', NULL, NULL, '2016-11-12 03:07:22', NULL, 122),
(176, 7, NULL, 'Nulla ut erat id mauris vulputate elementum. Nullam varius. Nulla facilisi.', NULL, 6, '2016-11-12 03:07:22', NULL, 401),
(177, 5, NULL, 'Maecenas tristique, est et tempus semper, est quam pharetra magna, ac consequat metus sapien ut nunc. Vestibulum ante ipsum primis in faucibus orci luctus et ultrices posuere cubilia Curae; Mauris viverra diam vitae quam. Suspendisse potenti.', 3, NULL, '2016-11-12 03:07:22', NULL, 493),
(178, 9, NULL, 'Duis consequat dui nec nisi volutpat eleifend. Donec ut dolor. Morbi vel lectus in quam fringilla rhoncus.', 20, NULL, '2016-11-12 03:07:22', NULL, 60),
(179, 1, NULL, 'Duis bibendum, felis sed interdum venenatis, turpis enim blandit mi, in porttitor pede justo eu massa. Donec dapibus. Duis at velit eu est congue elementum.', NULL, NULL, '2016-11-12 03:07:22', NULL, 181),
(180, 3, NULL, 'Sed sagittis. Nam congue, risus semper porta volutpat, quam pede lobortis ligula, sit amet eleifend pede libero quis orci. Nullam molestie nibh in lectus.', 6, NULL, '2016-11-12 03:07:22', NULL, 250),
(181, 11, NULL, 'Sed sagittis. Nam congue, risus semper porta volutpat, quam pede lobortis ligula, sit amet eleifend pede libero quis orci. Nullam molestie nibh in lectus.', NULL, NULL, '2016-11-12 03:07:22', NULL, 280),
(182, 13, NULL, 'Aenean lectus. Pellentesque eget nunc. Donec quis orci eget orci vehicula condimentum.', NULL, NULL, '2016-11-12 03:07:22', NULL, 91),
(183, 5, NULL, 'Vestibulum ac est lacinia nisi venenatis tristique. Fusce congue, diam id ornare imperdiet, sapien urna pretium nisl, ut volutpat sapien arcu sed augue. Aliquam erat volutpat.', NULL, NULL, '2016-11-12 03:07:22', NULL, 437),
(184, 1, NULL, 'Sed ante. Vivamus tortor. Duis mattis egestas metus.', 6, NULL, '2016-11-12 03:07:22', NULL, 347),
(185, 2, NULL, 'Cras non velit nec nisi vulputate nonummy. Maecenas tincidunt lacus at velit. Vivamus vel nulla eget eros elementum pellentesque.', NULL, 8, '2016-11-12 03:07:22', NULL, 337),
(186, 6, NULL, 'In hac habitasse platea dictumst. Etiam faucibus cursus urna. Ut tellus.', 7, NULL, '2016-11-12 03:07:22', NULL, 491),
(187, 6, NULL, 'Aenean fermentum. Donec ut mauris eget massa tempor convallis. Nulla neque libero, convallis eget, eleifend luctus, ultricies eu, nibh.', 14, NULL, '2016-11-12 03:07:22', NULL, 425),
(188, 3, NULL, 'Praesent blandit. Nam nulla. Integer pede justo, lacinia eget, tincidunt eget, tempus vel, pede.', 6, NULL, '2016-11-12 03:07:23', NULL, 219),
(189, 9, NULL, 'Proin interdum mauris non ligula pellentesque ultrices. Phasellus id sapien in sapien iaculis congue. Vivamus metus arcu, adipiscing molestie, hendrerit at, vulputate vitae, nisl.', 20, 9, '2016-11-12 03:07:23', NULL, 102),
(190, 11, NULL, 'In congue. Etiam justo. Etiam pretium iaculis justo.', NULL, 6, '2016-11-12 03:07:23', NULL, 54),
(191, 13, NULL, 'Nullam sit amet turpis elementum ligula vehicula consequat. Morbi a ipsum. Integer a nibh.', NULL, NULL, '2016-11-12 03:07:23', NULL, 192),
(192, 8, NULL, 'Aenean lectus. Pellentesque eget nunc. Donec quis orci eget orci vehicula condimentum.', NULL, NULL, '2016-11-12 03:07:23', NULL, 396),
(193, 10, NULL, 'Nulla ut erat id mauris vulputate elementum. Nullam varius. Nulla facilisi.', NULL, NULL, '2016-11-12 03:07:23', NULL, 303),
(194, 13, NULL, 'Suspendisse potenti. In eleifend quam a odio. In hac habitasse platea dictumst.', NULL, 2, '2016-11-12 03:07:23', NULL, 2),
(195, 5, NULL, 'Nulla ut erat id mauris vulputate elementum. Nullam varius. Nulla facilisi.', NULL, NULL, '2016-11-12 03:07:23', NULL, 44),
(196, 5, 3, 'Lorem ipsum dolor sit amet, consectetuer adipiscing elit. Proin risus. Praesent lectus.', 18, NULL, '2016-11-12 03:07:23', NULL, 218),
(197, 2, NULL, 'Etiam vel augue. Vestibulum rutrum rutrum neque. Aenean auctor gravida sem.', NULL, NULL, '2016-11-12 03:07:23', NULL, 33),
(198, 3, NULL, 'Quisque id justo sit amet sapien dignissim vestibulum. Vestibulum ante ipsum primis in faucibus orci luctus et ultrices posuere cubilia Curae; Nulla dapibus dolor vel est. Donec odio justo, sollicitudin ut, suscipit a, feugiat et, eros.', NULL, NULL, '2016-11-12 03:07:23', NULL, 364),
(199, 7, NULL, 'Praesent blandit. Nam nulla. Integer pede justo, lacinia eget, tincidunt eget, tempus vel, pede.', NULL, NULL, '2016-11-12 03:07:24', NULL, 383),
(200, 9, NULL, 'Vestibulum quam sapien, varius ut, blandit non, interdum in, ante. Vestibulum ante ipsum primis in faucibus orci luctus et ultrices posuere cubilia Curae; Duis faucibus accumsan odio. Curabitur convallis.', 2, 3, '2016-11-12 03:07:24', NULL, 60),
(201, 9, NULL, 'Proin eu mi. Nulla ac enim. In tempor, turpis nec euismod scelerisque, quam turpis adipiscing lorem, vitae mattis nibh ligula nec sem. Duis aliquam convallis nunc. Proin at turpis a pede posuere nonummy. Integer non velit. Donec diam neque, vestibulum eget, vulputate ut, ultrices vel, augue. Vestibulum ante ipsum primis in faucibus orci luctus et ultrices posuere cubilia Curae; Donec pharetra, magna vestibulum aliquet ultrices, erat tortor sollicitudin mi, sit amet lobortis sapien sapien non mi. Integer ac neque. Duis bibendum.', 78, 21, '2016-11-17 00:00:00', NULL, 1),
(202, 4, NULL, 'Nulla justo. Aliquam quis turpis eget elit sodales scelerisque. Mauris sit amet eros. Suspendisse accumsan tortor quis turpis. Sed ante. Vivamus tortor.', 89, 16, '2016-11-17 00:00:00', NULL, 7),
(203, 7, NULL, 'Donec dapibus. Duis at velit eu est congue elementum. In hac habitasse platea dictumst. Morbi vestibulum, velit id pretium iaculis, diam erat fermentum justo, nec condimentum neque sapien placerat ante. Nulla justo. Aliquam quis turpis eget elit sodales scelerisque. Mauris sit amet eros. Suspendisse accumsan tortor quis turpis.', 98, NULL, '2016-11-17 00:00:00', NULL, 2),
(204, 6, NULL, 'Cum sociis natoque penatibus et magnis dis parturient montes, nascetur ridiculus mus. Vivamus vestibulum sagittis sapien. Cum sociis natoque penatibus et magnis dis parturient montes, nascetur ridiculus mus. Etiam vel augue. Vestibulum rutrum rutrum neque.', 67, 15, '2016-11-17 00:00:00', NULL, 7),
(205, 6, NULL, 'Mauris ullamcorper purus sit amet nulla. Quisque arcu libero, rutrum ac, lobortis vel, dapibus at, diam.', NULL, 23, '2016-11-17 00:00:00', NULL, 5),
(206, 5, NULL, 'Pellentesque ultrices mattis odio. Donec vitae nisi. Nam ultrices, libero non mattis pulvinar, nulla pede ullamcorper augue, a suscipit nulla elit ac nulla. Sed vel enim sit amet nunc viverra dapibus.', NULL, NULL, '2016-11-17 00:00:00', NULL, 10),
(207, 8, NULL, 'Nullam sit amet turpis elementum ligula vehicula consequat. Morbi a ipsum. Integer a nibh. In quis justo. Maecenas rhoncus aliquam lacus.', 25, 13, '2016-11-17 00:00:00', NULL, 6),
(208, 9, NULL, 'Quisque id justo sit amet sapien dignissim vestibulum. Vestibulum ante ipsum primis in faucibus orci luctus et ultrices posuere cubilia Curae; Nulla dapibus dolor vel est. Donec odio justo, sollicitudin ut, suscipit a, feugiat et, eros. Vestibulum ac est lacinia nisi venenatis tristique.', NULL, 12, '2016-11-17 00:00:00', NULL, 8),
(209, 8, NULL, 'Morbi sem mauris, laoreet ut, rhoncus aliquet, pulvinar sed, nisl. Nunc rhoncus dui vel sem. Sed sagittis. Nam congue, risus semper porta volutpat, quam pede lobortis ligula, sit amet eleifend pede libero quis orci. Nullam molestie nibh in lectus. Pellentesque at nulla. Suspendisse potenti. Cras in purus eu magna vulputate luctus.', NULL, NULL, '2016-11-17 00:00:00', NULL, 6),
(210, 4, NULL, 'Phasellus sit amet erat. Nulla tempus. Vivamus in felis eu sapien cursus vestibulum. Proin eu mi. Nulla ac enim. In tempor, turpis nec euismod scelerisque, quam turpis adipiscing lorem, vitae mattis nibh ligula nec sem. Duis aliquam convallis nunc. Proin at turpis a pede posuere nonummy. Integer non velit. Donec diam neque, vestibulum eget, vulputate ut, ultrices vel, augue.', 6, NULL, '2016-11-17 00:00:00', NULL, 7),
(211, 4, NULL, 'Nulla ac enim. In tempor, turpis nec euismod scelerisque, quam turpis adipiscing lorem, vitae mattis nibh ligula nec sem. Duis aliquam convallis nunc. Proin at turpis a pede posuere nonummy.', NULL, NULL, '2016-11-17 00:00:00', NULL, 1),
(212, 6, NULL, 'Integer non velit. Donec diam neque, vestibulum eget, vulputate ut, ultrices vel, augue. Vestibulum ante ipsum primis in faucibus orci luctus et ultrices posuere cubilia Curae; Donec pharetra, magna vestibulum aliquet ultrices, erat tortor sollicitudin mi, sit amet lobortis sapien sapien non mi. Integer ac neque.', 96, NULL, '2016-11-17 00:00:00', NULL, 1),
(213, 5, NULL, 'Duis consequat dui nec nisi volutpat eleifend. Donec ut dolor.', NULL, 10, '2016-11-17 00:00:00', NULL, 6),
(214, 7, NULL, 'Duis bibendum, felis sed interdum venenatis, turpis enim blandit mi, in porttitor pede justo eu massa. Donec dapibus. Duis at velit eu est congue elementum. In hac habitasse platea dictumst. Morbi vestibulum, velit id pretium iaculis, diam erat fermentum justo, nec condimentum neque sapien placerat ante. Nulla justo. Aliquam quis turpis eget elit sodales scelerisque. Mauris sit amet eros. Suspendisse accumsan tortor quis turpis.', NULL, 5, '2016-11-17 00:00:00', NULL, 7),
(215, 8, NULL, 'Proin leo odio, porttitor id, consequat in, consequat ut, nulla. Sed accumsan felis. Ut at dolor quis odio consequat varius. Integer ac leo. Pellentesque ultrices mattis odio. Donec vitae nisi. Nam ultrices, libero non mattis pulvinar, nulla pede ullamcorper augue, a suscipit nulla elit ac nulla. Sed vel enim sit amet nunc viverra dapibus. Nulla suscipit ligula in lacus. Curabitur at ipsum ac tellus semper interdum.', 57, 6, '2016-11-17 00:00:00', NULL, 2),
(216, 7, NULL, 'In est risus, auctor sed, tristique in, tempus sit amet, sem. Fusce consequat. Nulla nisl. Nunc nisl.', 59, 23, '2016-11-17 00:00:00', NULL, 7),
(217, 9, NULL, 'Maecenas leo odio, condimentum id, luctus nec, molestie sed, justo. Pellentesque viverra pede ac diam. Cras pellentesque volutpat dui.', NULL, NULL, '2016-11-17 00:00:00', NULL, 5),
(218, 5, NULL, 'Duis bibendum. Morbi non quam nec dui luctus rutrum. Nulla tellus. In sagittis dui vel nisl. Duis ac nibh.', NULL, NULL, '2016-11-17 00:00:00', NULL, 4),
(219, 5, NULL, 'Aenean fermentum. Donec ut mauris eget massa tempor convallis. Nulla neque libero, convallis eget, eleifend luctus, ultricies eu, nibh. Quisque id justo sit amet sapien dignissim vestibulum. Vestibulum ante ipsum primis in faucibus orci luctus et ultrices posuere cubilia Curae; Nulla dapibus dolor vel est. Donec odio justo, sollicitudin ut, suscipit a, feugiat et, eros. Vestibulum ac est lacinia nisi venenatis tristique. Fusce congue, diam id ornare imperdiet, sapien urna pretium nisl, ut volutpat sapien arcu sed augue. Aliquam erat volutpat.', NULL, NULL, '2016-11-17 00:00:00', NULL, 2),
(220, 7, NULL, 'Vestibulum ac est lacinia nisi venenatis tristique. Fusce congue, diam id ornare imperdiet, sapien urna pretium nisl, ut volutpat sapien arcu sed augue. Aliquam erat volutpat. In congue. Etiam justo. Etiam pretium iaculis justo. In hac habitasse platea dictumst. Etiam faucibus cursus urna. Ut tellus.', NULL, 12, '2016-11-17 00:00:00', NULL, 3),
(221, 6, NULL, 'Duis bibendum. Morbi non quam nec dui luctus rutrum. Nulla tellus. In sagittis dui vel nisl.', 24, 2, '2016-11-17 00:00:00', NULL, 3),
(222, 9, NULL, 'Etiam faucibus cursus urna. Ut tellus. Nulla ut erat id mauris vulputate elementum. Nullam varius. Nulla facilisi. Cras non velit nec nisi vulputate nonummy. Maecenas tincidunt lacus at velit. Vivamus vel nulla eget eros elementum pellentesque.', 15, 15, '2016-11-17 00:00:00', NULL, 10),
(223, 6, NULL, 'Etiam faucibus cursus urna. Ut tellus. Nulla ut erat id mauris vulputate elementum. Nullam varius. Nulla facilisi. Cras non velit nec nisi vulputate nonummy. Maecenas tincidunt lacus at velit. Vivamus vel nulla eget eros elementum pellentesque. Quisque porta volutpat erat.', 31, 13, '2016-11-17 00:00:00', NULL, 6),
(224, 5, NULL, 'Nunc rhoncus dui vel sem. Sed sagittis. Nam congue, risus semper porta volutpat, quam pede lobortis ligula, sit amet eleifend pede libero quis orci. Nullam molestie nibh in lectus. Pellentesque at nulla. Suspendisse potenti. Cras in purus eu magna vulputate luctus. Cum sociis natoque penatibus et magnis dis parturient montes, nascetur ridiculus mus. Vivamus vestibulum sagittis sapien.', 22, 7, '2016-11-17 00:00:00', NULL, 5),
(225, 6, NULL, 'Nulla tempus. Vivamus in felis eu sapien cursus vestibulum. Proin eu mi. Nulla ac enim. In tempor, turpis nec euismod scelerisque, quam turpis adipiscing lorem, vitae mattis nibh ligula nec sem. Duis aliquam convallis nunc. Proin at turpis a pede posuere nonummy.', NULL, 9, '2016-11-17 00:00:00', NULL, 10),
(226, 4, NULL, 'Donec quis orci eget orci vehicula condimentum. Curabitur in libero ut massa volutpat convallis.', 3, NULL, '2016-11-17 00:00:00', NULL, 6),
(227, 4, NULL, 'Nulla ut erat id mauris vulputate elementum. Nullam varius. Nulla facilisi. Cras non velit nec nisi vulputate nonummy. Maecenas tincidunt lacus at velit. Vivamus vel nulla eget eros elementum pellentesque. Quisque porta volutpat erat. Quisque erat eros, viverra eget, congue eget, semper rutrum, nulla.', 1, NULL, '2016-11-17 00:00:00', NULL, 1),
(228, 7, NULL, 'Etiam faucibus cursus urna. Ut tellus. Nulla ut erat id mauris vulputate elementum. Nullam varius. Nulla facilisi.', 99, NULL, '2016-11-17 00:00:00', NULL, 8),
(229, 8, NULL, 'Nullam varius. Nulla facilisi. Cras non velit nec nisi vulputate nonummy.', NULL, 30, '2016-11-17 00:00:00', NULL, 9),
(230, 9, NULL, 'Donec ut mauris eget massa tempor convallis. Nulla neque libero, convallis eget, eleifend luctus, ultricies eu, nibh. Quisque id justo sit amet sapien dignissim vestibulum. Vestibulum ante ipsum primis in faucibus orci luctus et ultrices posuere cubilia Curae; Nulla dapibus dolor vel est. Donec odio justo, sollicitudin ut, suscipit a, feugiat et, eros.', 80, 19, '2016-11-17 00:00:00', NULL, 10),
(231, 10, NULL, 'In tempor, turpis nec euismod scelerisque, quam turpis adipiscing lorem, vitae mattis nibh ligula nec sem. Duis aliquam convallis nunc. Proin at turpis a pede posuere nonummy. Integer non velit. Donec diam neque, vestibulum eget, vulputate ut, ultrices vel, augue. Vestibulum ante ipsum primis in faucibus orci luctus et ultrices posuere cubilia Curae; Donec pharetra, magna vestibulum aliquet ultrices, erat tortor sollicitudin mi, sit amet lobortis sapien sapien non mi. Integer ac neque. Duis bibendum.', 42, NULL, '2016-11-17 00:00:00', NULL, 10),
(232, 9, NULL, 'Ut at dolor quis odio consequat varius. Integer ac leo. Pellentesque ultrices mattis odio. Donec vitae nisi.', 28, 25, '2016-11-17 00:00:00', NULL, 6),
(233, 9, NULL, 'In quis justo. Maecenas rhoncus aliquam lacus. Morbi quis tortor id nulla ultrices aliquet. Maecenas leo odio, condimentum id, luctus nec, molestie sed, justo. Pellentesque viverra pede ac diam. Cras pellentesque volutpat dui. Maecenas tristique, est et tempus semper, est quam pharetra magna, ac consequat metus sapien ut nunc. Vestibulum ante ipsum primis in faucibus orci luctus et ultrices posuere cubilia Curae; Mauris viverra diam vitae quam.', NULL, 28, '2016-11-17 00:00:00', NULL, 7),
(234, 7, NULL, 'Suspendisse potenti. Nullam porttitor lacus at turpis. Donec posuere metus vitae ipsum. Aliquam non mauris.', 66, 4, '2016-11-17 00:00:00', NULL, 3),
(235, 10, NULL, 'Cras mi pede, malesuada in, imperdiet et, commodo vulputate, justo. In blandit ultrices enim. Lorem ipsum dolor sit amet, consectetuer adipiscing elit. Proin interdum mauris non ligula pellentesque ultrices. Phasellus id sapien in sapien iaculis congue. Vivamus metus arcu, adipiscing molestie, hendrerit at, vulputate vitae, nisl. Aenean lectus. Pellentesque eget nunc.', NULL, 21, '2016-11-17 00:00:00', NULL, 8),
(236, 9, NULL, 'Sed ante. Vivamus tortor. Duis mattis egestas metus. Aenean fermentum. Donec ut mauris eget massa tempor convallis. Nulla neque libero, convallis eget, eleifend luctus, ultricies eu, nibh. Quisque id justo sit amet sapien dignissim vestibulum. Vestibulum ante ipsum primis in faucibus orci luctus et ultrices posuere cubilia Curae; Nulla dapibus dolor vel est. Donec odio justo, sollicitudin ut, suscipit a, feugiat et, eros. Vestibulum ac est lacinia nisi venenatis tristique.', NULL, 3, '2016-11-17 00:00:00', NULL, 2),
(237, 6, NULL, 'Morbi non quam nec dui luctus rutrum. Nulla tellus. In sagittis dui vel nisl. Duis ac nibh. Fusce lacus purus, aliquet at, feugiat non, pretium quis, lectus. Suspendisse potenti. In eleifend quam a odio. In hac habitasse platea dictumst. Maecenas ut massa quis augue luctus tincidunt. Nulla mollis molestie lorem.', NULL, 26, '2016-11-17 00:00:00', NULL, 8);
INSERT INTO `comment` (`id`, `id_user`, `id_parent`, `text`, `plus`, `minus`, `create_date_time`, `approved`, `id_news`) VALUES
(238, 7, NULL, 'Curabitur gravida nisi at nibh. In hac habitasse platea dictumst. Aliquam augue quam, sollicitudin vitae, consectetuer eget, rutrum at, lorem. Integer tincidunt ante vel ipsum. Praesent blandit lacinia erat.', 57, 27, '2016-11-17 00:00:00', NULL, 2),
(239, 9, NULL, 'Nulla justo. Aliquam quis turpis eget elit sodales scelerisque. Mauris sit amet eros. Suspendisse accumsan tortor quis turpis. Sed ante. Vivamus tortor. Duis mattis egestas metus. Aenean fermentum.', 18, NULL, '2016-11-17 00:00:00', NULL, 5),
(240, 6, NULL, 'Maecenas tristique, est et tempus semper, est quam pharetra magna, ac consequat metus sapien ut nunc. Vestibulum ante ipsum primis in faucibus orci luctus et ultrices posuere cubilia Curae; Mauris viverra diam vitae quam. Suspendisse potenti. Nullam porttitor lacus at turpis.', NULL, 15, '2016-11-17 00:00:00', NULL, 2),
(241, 4, NULL, 'Aliquam non mauris. Morbi non lectus. Aliquam sit amet diam in magna bibendum imperdiet. Nullam orci pede, venenatis non, sodales sed, tincidunt eu, felis. Fusce posuere felis sed lacus. Morbi sem mauris, laoreet ut, rhoncus aliquet, pulvinar sed, nisl. Nunc rhoncus dui vel sem.', NULL, 23, '2016-11-17 00:00:00', NULL, 10),
(242, 9, NULL, 'Aenean lectus. Pellentesque eget nunc. Donec quis orci eget orci vehicula condimentum.', NULL, NULL, '2016-11-17 00:00:00', NULL, 10),
(243, 10, NULL, 'Etiam faucibus cursus urna. Ut tellus.', NULL, 7, '2016-11-17 00:00:00', NULL, 6),
(244, 8, NULL, 'Morbi quis tortor id nulla ultrices aliquet.', 98, NULL, '2016-11-17 00:00:00', NULL, 3),
(245, 8, NULL, 'Maecenas pulvinar lobortis est. Phasellus sit amet erat. Nulla tempus. Vivamus in felis eu sapien cursus vestibulum.', NULL, 21, '2016-11-17 00:00:00', NULL, 2),
(246, 6, NULL, 'Integer tincidunt ante vel ipsum. Praesent blandit lacinia erat. Vestibulum sed magna at nunc commodo placerat. Praesent blandit. Nam nulla.', NULL, 13, '2016-11-17 00:00:00', NULL, 6),
(247, 8, NULL, 'Integer ac neque. Duis bibendum. Morbi non quam nec dui luctus rutrum. Nulla tellus.', NULL, NULL, '2016-11-17 00:00:00', NULL, 6),
(248, 4, NULL, 'Sed sagittis. Nam congue, risus semper porta volutpat, quam pede lobortis ligula, sit amet eleifend pede libero quis orci. Nullam molestie nibh in lectus. Pellentesque at nulla. Suspendisse potenti. Cras in purus eu magna vulputate luctus.', NULL, 8, '2016-11-17 00:00:00', NULL, 5),
(249, 8, NULL, 'Vestibulum rutrum rutrum neque. Aenean auctor gravida sem. Praesent id massa id nisl venenatis lacinia. Aenean sit amet justo. Morbi ut odio. Cras mi pede, malesuada in, imperdiet et, commodo vulputate, justo. In blandit ultrices enim. Lorem ipsum dolor sit amet, consectetuer adipiscing elit.', NULL, 4, '2016-11-17 00:00:00', NULL, 2),
(250, 5, NULL, 'In sagittis dui vel nisl. Duis ac nibh.', 36, 18, '2016-11-17 00:00:00', NULL, 4),
(251, 4, NULL, 'Integer ac leo. Pellentesque ultrices mattis odio. Donec vitae nisi. Nam ultrices, libero non mattis pulvinar, nulla pede ullamcorper augue, a suscipit nulla elit ac nulla. Sed vel enim sit amet nunc viverra dapibus. Nulla suscipit ligula in lacus. Curabitur at ipsum ac tellus semper interdum.', 98, 29, '2016-11-17 00:00:00', NULL, 6),
(252, 4, NULL, 'Quisque erat eros, viverra eget, congue eget, semper rutrum, nulla.', 52, 1, '2016-11-17 00:00:00', NULL, 5),
(253, 5, NULL, 'Integer tincidunt ante vel ipsum. Praesent blandit lacinia erat. Vestibulum sed magna at nunc commodo placerat. Praesent blandit. Nam nulla. Integer pede justo, lacinia eget, tincidunt eget, tempus vel, pede.', 3, 1, '2016-11-17 00:00:00', NULL, 10),
(254, 6, NULL, 'Quisque ut erat. Curabitur gravida nisi at nibh.', NULL, 30, '2016-11-17 00:00:00', NULL, 3),
(255, 10, NULL, 'Suspendisse potenti. Nullam porttitor lacus at turpis. Donec posuere metus vitae ipsum. Aliquam non mauris. Morbi non lectus. Aliquam sit amet diam in magna bibendum imperdiet.', NULL, 23, '2016-11-17 00:00:00', NULL, 5),
(256, 4, NULL, 'Vivamus metus arcu, adipiscing molestie, hendrerit at, vulputate vitae, nisl. Aenean lectus.', NULL, NULL, '2016-11-17 00:00:00', NULL, 10),
(257, 10, NULL, 'Curabitur gravida nisi at nibh. In hac habitasse platea dictumst. Aliquam augue quam, sollicitudin vitae, consectetuer eget, rutrum at, lorem. Integer tincidunt ante vel ipsum. Praesent blandit lacinia erat. Vestibulum sed magna at nunc commodo placerat. Praesent blandit. Nam nulla.', 81, NULL, '2016-11-17 00:00:00', NULL, 9),
(258, 10, NULL, 'Mauris enim leo, rhoncus sed, vestibulum sit amet, cursus id, turpis. Integer aliquet, massa id lobortis convallis, tortor risus dapibus augue, vel accumsan tellus nisi eu orci.', NULL, NULL, '2016-11-17 00:00:00', NULL, 10),
(259, 9, NULL, 'Aliquam augue quam, sollicitudin vitae, consectetuer eget, rutrum at, lorem. Integer tincidunt ante vel ipsum. Praesent blandit lacinia erat. Vestibulum sed magna at nunc commodo placerat. Praesent blandit.', 71, 13, '2016-11-17 00:00:00', NULL, 9),
(260, 8, NULL, 'In congue. Etiam justo. Etiam pretium iaculis justo. In hac habitasse platea dictumst. Etiam faucibus cursus urna. Ut tellus. Nulla ut erat id mauris vulputate elementum. Nullam varius. Nulla facilisi.', NULL, 3, '2016-11-17 00:00:00', NULL, 7),
(261, 5, NULL, 'Nam nulla. Integer pede justo, lacinia eget, tincidunt eget, tempus vel, pede. Morbi porttitor lorem id ligula. Suspendisse ornare consequat lectus. In est risus, auctor sed, tristique in, tempus sit amet, sem. Fusce consequat. Nulla nisl. Nunc nisl. Duis bibendum, felis sed interdum venenatis, turpis enim blandit mi, in porttitor pede justo eu massa.', 96, 1, '2016-11-17 00:00:00', NULL, 5),
(262, 9, NULL, 'In congue. Etiam justo. Etiam pretium iaculis justo. In hac habitasse platea dictumst.', NULL, 19, '2016-11-17 00:00:00', NULL, 7),
(263, 7, NULL, 'Donec diam neque, vestibulum eget, vulputate ut, ultrices vel, augue. Vestibulum ante ipsum primis in faucibus orci luctus et ultrices posuere cubilia Curae; Donec pharetra, magna vestibulum aliquet ultrices, erat tortor sollicitudin mi, sit amet lobortis sapien sapien non mi. Integer ac neque. Duis bibendum. Morbi non quam nec dui luctus rutrum. Nulla tellus. In sagittis dui vel nisl. Duis ac nibh. Fusce lacus purus, aliquet at, feugiat non, pretium quis, lectus. Suspendisse potenti.', NULL, 17, '2016-11-17 00:00:00', NULL, 7),
(264, 10, NULL, 'Quisque ut erat. Curabitur gravida nisi at nibh. In hac habitasse platea dictumst.', NULL, 19, '2016-11-17 00:00:00', NULL, 7),
(265, 6, NULL, 'Morbi vestibulum, velit id pretium iaculis, diam erat fermentum justo, nec condimentum neque sapien placerat ante. Nulla justo. Aliquam quis turpis eget elit sodales scelerisque. Mauris sit amet eros.', NULL, 16, '2016-11-17 00:00:00', NULL, 8),
(266, 6, NULL, 'Phasellus id sapien in sapien iaculis congue. Vivamus metus arcu, adipiscing molestie, hendrerit at, vulputate vitae, nisl. Aenean lectus. Pellentesque eget nunc. Donec quis orci eget orci vehicula condimentum. Curabitur in libero ut massa volutpat convallis. Morbi odio odio, elementum eu, interdum eu, tincidunt in, leo. Maecenas pulvinar lobortis est.', 31, 21, '2016-11-17 00:00:00', NULL, 2),
(267, 4, NULL, 'Nulla suscipit ligula in lacus. Curabitur at ipsum ac tellus semper interdum. Mauris ullamcorper purus sit amet nulla. Quisque arcu libero, rutrum ac, lobortis vel, dapibus at, diam. Nam tristique tortor eu pede.', 63, NULL, '2016-11-17 00:00:00', NULL, 9),
(268, 4, NULL, 'Sed ante. Vivamus tortor. Duis mattis egestas metus. Aenean fermentum. Donec ut mauris eget massa tempor convallis. Nulla neque libero, convallis eget, eleifend luctus, ultricies eu, nibh.', NULL, 15, '2016-11-17 00:00:00', NULL, 3),
(269, 5, NULL, 'Donec dapibus. Duis at velit eu est congue elementum. In hac habitasse platea dictumst. Morbi vestibulum, velit id pretium iaculis, diam erat fermentum justo, nec condimentum neque sapien placerat ante. Nulla justo. Aliquam quis turpis eget elit sodales scelerisque.', NULL, NULL, '2016-11-17 00:00:00', NULL, 8),
(270, 7, NULL, 'Phasellus sit amet erat. Nulla tempus. Vivamus in felis eu sapien cursus vestibulum.', 5, 12, '2016-11-17 00:00:00', NULL, 10),
(271, 8, NULL, 'Donec ut dolor. Morbi vel lectus in quam fringilla rhoncus. Mauris enim leo, rhoncus sed, vestibulum sit amet, cursus id, turpis. Integer aliquet, massa id lobortis convallis, tortor risus dapibus augue, vel accumsan tellus nisi eu orci. Mauris lacinia sapien quis libero.', 4, 19, '2016-11-17 00:00:00', NULL, 5),
(272, 8, NULL, 'In hac habitasse platea dictumst. Maecenas ut massa quis augue luctus tincidunt. Nulla mollis molestie lorem. Quisque ut erat. Curabitur gravida nisi at nibh. In hac habitasse platea dictumst. Aliquam augue quam, sollicitudin vitae, consectetuer eget, rutrum at, lorem.', 67, 1, '2016-11-17 00:00:00', NULL, 6),
(273, 9, NULL, 'Donec quis orci eget orci vehicula condimentum. Curabitur in libero ut massa volutpat convallis. Morbi odio odio, elementum eu, interdum eu, tincidunt in, leo. Maecenas pulvinar lobortis est. Phasellus sit amet erat. Nulla tempus. Vivamus in felis eu sapien cursus vestibulum. Proin eu mi. Nulla ac enim. In tempor, turpis nec euismod scelerisque, quam turpis adipiscing lorem, vitae mattis nibh ligula nec sem.', 75, 3, '2016-11-17 00:00:00', NULL, 9),
(274, 8, NULL, 'Suspendisse accumsan tortor quis turpis. Sed ante. Vivamus tortor. Duis mattis egestas metus. Aenean fermentum.', NULL, 17, '2016-11-17 00:00:00', NULL, 5),
(275, 7, NULL, 'Nullam molestie nibh in lectus. Pellentesque at nulla. Suspendisse potenti. Cras in purus eu magna vulputate luctus. Cum sociis natoque penatibus et magnis dis parturient montes, nascetur ridiculus mus. Vivamus vestibulum sagittis sapien. Cum sociis natoque penatibus et magnis dis parturient montes, nascetur ridiculus mus. Etiam vel augue. Vestibulum rutrum rutrum neque. Aenean auctor gravida sem.', NULL, NULL, '2016-11-17 00:00:00', NULL, 4),
(276, 6, NULL, 'Nullam varius. Nulla facilisi. Cras non velit nec nisi vulputate nonummy. Maecenas tincidunt lacus at velit. Vivamus vel nulla eget eros elementum pellentesque.', 22, 23, '2016-11-17 00:00:00', NULL, 8),
(277, 8, NULL, 'Curabitur gravida nisi at nibh. In hac habitasse platea dictumst. Aliquam augue quam, sollicitudin vitae, consectetuer eget, rutrum at, lorem. Integer tincidunt ante vel ipsum. Praesent blandit lacinia erat.', 18, 7, '2016-11-17 00:00:00', NULL, 8),
(278, 4, NULL, 'Nulla tellus. In sagittis dui vel nisl. Duis ac nibh. Fusce lacus purus, aliquet at, feugiat non, pretium quis, lectus. Suspendisse potenti. In eleifend quam a odio. In hac habitasse platea dictumst. Maecenas ut massa quis augue luctus tincidunt. Nulla mollis molestie lorem. Quisque ut erat.', 10, NULL, '2016-11-17 00:00:00', NULL, 2),
(279, 5, NULL, 'Nulla justo. Aliquam quis turpis eget elit sodales scelerisque. Mauris sit amet eros. Suspendisse accumsan tortor quis turpis. Sed ante. Vivamus tortor. Duis mattis egestas metus.', 40, NULL, '2016-11-17 00:00:00', NULL, 8),
(280, 8, NULL, 'Maecenas tincidunt lacus at velit. Vivamus vel nulla eget eros elementum pellentesque. Quisque porta volutpat erat. Quisque erat eros, viverra eget, congue eget, semper rutrum, nulla. Nunc purus. Phasellus in felis. Donec semper sapien a libero.', NULL, NULL, '2016-11-17 00:00:00', NULL, 5),
(281, 7, NULL, 'Pellentesque viverra pede ac diam. Cras pellentesque volutpat dui. Maecenas tristique, est et tempus semper, est quam pharetra magna, ac consequat metus sapien ut nunc. Vestibulum ante ipsum primis in faucibus orci luctus et ultrices posuere cubilia Curae; Mauris viverra diam vitae quam. Suspendisse potenti. Nullam porttitor lacus at turpis. Donec posuere metus vitae ipsum. Aliquam non mauris. Morbi non lectus. Aliquam sit amet diam in magna bibendum imperdiet.', 95, 17, '2016-11-17 00:00:00', NULL, 9),
(282, 10, NULL, 'In eleifend quam a odio. In hac habitasse platea dictumst. Maecenas ut massa quis augue luctus tincidunt. Nulla mollis molestie lorem. Quisque ut erat.', NULL, 10, '2016-11-17 00:00:00', NULL, 6),
(283, 5, NULL, 'In hac habitasse platea dictumst.', 28, 6, '2016-11-17 00:00:00', NULL, 5),
(284, 8, NULL, 'Donec odio justo, sollicitudin ut, suscipit a, feugiat et, eros. Vestibulum ac est lacinia nisi venenatis tristique.', NULL, 28, '2016-11-17 00:00:00', NULL, 4),
(285, 7, NULL, 'Maecenas tincidunt lacus at velit. Vivamus vel nulla eget eros elementum pellentesque.', NULL, NULL, '2016-11-17 00:00:00', NULL, 9),
(286, 4, NULL, 'Praesent id massa id nisl venenatis lacinia. Aenean sit amet justo. Morbi ut odio. Cras mi pede, malesuada in, imperdiet et, commodo vulputate, justo. In blandit ultrices enim. Lorem ipsum dolor sit amet, consectetuer adipiscing elit. Proin interdum mauris non ligula pellentesque ultrices. Phasellus id sapien in sapien iaculis congue. Vivamus metus arcu, adipiscing molestie, hendrerit at, vulputate vitae, nisl.', 19, 10, '2016-11-17 00:00:00', NULL, 7),
(287, 8, NULL, 'Fusce consequat. Nulla nisl. Nunc nisl. Duis bibendum, felis sed interdum venenatis, turpis enim blandit mi, in porttitor pede justo eu massa. Donec dapibus. Duis at velit eu est congue elementum. In hac habitasse platea dictumst.', 31, 29, '2016-11-17 00:00:00', NULL, 3),
(288, 9, NULL, 'Cum sociis natoque penatibus et magnis dis parturient montes, nascetur ridiculus mus. Vivamus vestibulum sagittis sapien. Cum sociis natoque penatibus et magnis dis parturient montes, nascetur ridiculus mus.', 50, 25, '2016-11-17 00:00:00', NULL, 1),
(289, 7, NULL, 'Sed sagittis. Nam congue, risus semper porta volutpat, quam pede lobortis ligula, sit amet eleifend pede libero quis orci. Nullam molestie nibh in lectus. Pellentesque at nulla. Suspendisse potenti. Cras in purus eu magna vulputate luctus. Cum sociis natoque penatibus et magnis dis parturient montes, nascetur ridiculus mus. Vivamus vestibulum sagittis sapien. Cum sociis natoque penatibus et magnis dis parturient montes, nascetur ridiculus mus. Etiam vel augue.', 43, 7, '2016-11-17 00:00:00', NULL, 6),
(290, 4, NULL, 'Nulla neque libero, convallis eget, eleifend luctus, ultricies eu, nibh. Quisque id justo sit amet sapien dignissim vestibulum. Vestibulum ante ipsum primis in faucibus orci luctus et ultrices posuere cubilia Curae; Nulla dapibus dolor vel est. Donec odio justo, sollicitudin ut, suscipit a, feugiat et, eros. Vestibulum ac est lacinia nisi venenatis tristique. Fusce congue, diam id ornare imperdiet, sapien urna pretium nisl, ut volutpat sapien arcu sed augue. Aliquam erat volutpat. In congue. Etiam justo.', NULL, 11, '2016-11-17 00:00:00', NULL, 10),
(291, 8, NULL, 'Vestibulum ante ipsum primis in faucibus orci luctus et ultrices posuere cubilia Curae; Duis faucibus accumsan odio. Curabitur convallis.', 93, 5, '2016-11-17 00:00:00', NULL, 1),
(292, 6, NULL, 'Vestibulum quam sapien, varius ut, blandit non, interdum in, ante. Vestibulum ante ipsum primis in faucibus orci luctus et ultrices posuere cubilia Curae; Duis faucibus accumsan odio. Curabitur convallis. Duis consequat dui nec nisi volutpat eleifend. Donec ut dolor. Morbi vel lectus in quam fringilla rhoncus. Mauris enim leo, rhoncus sed, vestibulum sit amet, cursus id, turpis. Integer aliquet, massa id lobortis convallis, tortor risus dapibus augue, vel accumsan tellus nisi eu orci. Mauris lacinia sapien quis libero.', NULL, 21, '2016-11-17 00:00:00', NULL, 7),
(293, 9, NULL, 'In hac habitasse platea dictumst. Morbi vestibulum, velit id pretium iaculis, diam erat fermentum justo, nec condimentum neque sapien placerat ante. Nulla justo. Aliquam quis turpis eget elit sodales scelerisque. Mauris sit amet eros. Suspendisse accumsan tortor quis turpis. Sed ante. Vivamus tortor. Duis mattis egestas metus.', NULL, 6, '2016-11-17 00:00:00', NULL, 6),
(294, 9, NULL, 'In quis justo. Maecenas rhoncus aliquam lacus. Morbi quis tortor id nulla ultrices aliquet. Maecenas leo odio, condimentum id, luctus nec, molestie sed, justo. Pellentesque viverra pede ac diam. Cras pellentesque volutpat dui.', NULL, 22, '2016-11-17 00:00:00', NULL, 8),
(295, 9, NULL, 'Donec dapibus. Duis at velit eu est congue elementum. In hac habitasse platea dictumst. Morbi vestibulum, velit id pretium iaculis, diam erat fermentum justo, nec condimentum neque sapien placerat ante. Nulla justo.', NULL, 14, '2016-11-17 00:00:00', NULL, 9),
(296, 8, NULL, 'Pellentesque at nulla.', NULL, 1, '2016-11-17 00:00:00', NULL, 9),
(297, 7, NULL, 'Mauris lacinia sapien quis libero. Nullam sit amet turpis elementum ligula vehicula consequat. Morbi a ipsum. Integer a nibh. In quis justo. Maecenas rhoncus aliquam lacus. Morbi quis tortor id nulla ultrices aliquet. Maecenas leo odio, condimentum id, luctus nec, molestie sed, justo.', 11, 19, '2016-11-17 00:00:00', NULL, 10),
(298, 7, NULL, 'Vestibulum ante ipsum primis in faucibus orci luctus et ultrices posuere cubilia Curae; Nulla dapibus dolor vel est. Donec odio justo, sollicitudin ut, suscipit a, feugiat et, eros. Vestibulum ac est lacinia nisi venenatis tristique. Fusce congue, diam id ornare imperdiet, sapien urna pretium nisl, ut volutpat sapien arcu sed augue. Aliquam erat volutpat. In congue.', NULL, 30, '2016-11-17 00:00:00', NULL, 4),
(299, 6, NULL, 'Nam dui. Proin leo odio, porttitor id, consequat in, consequat ut, nulla. Sed accumsan felis. Ut at dolor quis odio consequat varius. Integer ac leo. Pellentesque ultrices mattis odio. Donec vitae nisi.', 91, 3, '2016-11-17 00:00:00', NULL, 6),
(300, 5, NULL, 'Maecenas tincidunt lacus at velit. Vivamus vel nulla eget eros elementum pellentesque.', 4, 1, '2016-11-17 00:00:00', NULL, 8),
(301, 3, NULL, '', 10, 2, '2016-11-17 00:00:00', 1, 1),
(302, 1, NULL, '', 5, 2, '2016-11-17 00:00:00', 1, 1),
(303, 2, NULL, '', 6, 2, '2016-11-17 00:00:00', 1, 1),
(304, 1, NULL, '', 5, 3, '2016-11-17 00:00:00', 1, 1),
(305, 4, NULL, '', NULL, 2, '2016-11-17 00:00:00', 1, 1),
(306, 2, NULL, '', 6, 1, '2016-11-17 00:00:00', 1, 1),
(307, 3, NULL, '', 4, 2, '2016-11-17 00:00:00', 1, 1),
(308, 2, NULL, '', 5, 3, '2016-11-17 00:00:00', 1, 1),
(309, 4, NULL, '', NULL, 2, '2016-11-17 00:00:00', 1, 1),
(310, 1, NULL, '', 3, 3, '2016-11-17 00:00:00', 1, 1),
(311, 1, NULL, '', NULL, 2, '2016-11-17 00:00:00', 1, 1),
(312, 4, NULL, '', 9, 4, '2016-11-17 00:00:00', 1, 1),
(313, 5, NULL, '', 1, 2, '2016-11-17 00:00:00', 1, 1),
(314, 1, NULL, '', NULL, 2, '2016-11-17 00:00:00', 1, 1),
(315, 2, NULL, '', NULL, 3, '2016-11-17 00:00:00', 1, 1),
(316, 1, NULL, '', NULL, 1, '2016-11-17 00:00:00', 1, 1),
(317, 4, NULL, '', NULL, 4, '2016-11-17 00:00:00', 1, 1),
(318, 5, NULL, '', NULL, 3, '2016-11-17 00:00:00', 1, 1),
(319, 5, NULL, '', NULL, 1, '2016-11-17 00:00:00', 1, 1),
(320, 4, NULL, '', 1, 1, '2016-11-17 00:00:00', 1, 1),
(321, 4, NULL, '', 4, 2, '2016-11-17 00:00:00', 1, 1),
(322, 5, NULL, '', 2, 2, '2016-11-17 00:00:00', 1, 1),
(323, 1, NULL, '', NULL, 1, '2016-11-17 00:00:00', 1, 1),
(324, 3, NULL, '', 9, 1, '2016-11-17 00:00:00', 1, 1),
(325, 2, NULL, '', NULL, 2, '2016-11-17 00:00:00', 1, 1),
(326, 5, NULL, '', NULL, 2, '2016-11-17 00:00:00', 1, 1),
(327, 5, NULL, '', 7, 4, '2016-11-17 00:00:00', 1, 1),
(328, 3, NULL, '', 4, 2, '2016-11-17 00:00:00', 1, 1),
(329, 2, NULL, '', NULL, 1, '2016-11-17 00:00:00', 1, 1),
(330, 5, NULL, '', NULL, 1, '2016-11-17 00:00:00', 1, 1),
(331, 4, NULL, '', 2, 1, '2016-11-17 00:00:00', 1, 1),
(332, 2, NULL, '', 9, 1, '2016-11-17 00:00:00', 1, 1),
(333, 4, NULL, '', NULL, 3, '2016-11-17 00:00:00', 1, 1),
(334, 4, NULL, '', NULL, 4, '2016-11-17 00:00:00', 1, 1),
(335, 3, NULL, '', 9, 1, '2016-11-17 00:00:00', 1, 1),
(336, 4, NULL, '', NULL, 1, '2016-11-17 00:00:00', 1, 1),
(337, 3, NULL, '', 10, 2, '2016-11-17 00:00:00', 1, 1),
(338, 3, NULL, '', 4, 4, '2016-11-17 00:00:00', 1, 1),
(339, 4, NULL, '', NULL, 1, '2016-11-17 00:00:00', 1, 1),
(340, 3, NULL, '', NULL, 2, '2016-11-17 00:00:00', 1, 1),
(341, 4, NULL, '', 1, 4, '2016-11-17 00:00:00', 1, 1),
(342, 3, NULL, '', 2, 3, '2016-11-17 00:00:00', 1, 1),
(343, 3, NULL, '', NULL, 1, '2016-11-17 00:00:00', 1, 1),
(344, 2, NULL, '', 5, 4, '2016-11-17 00:00:00', 1, 1),
(345, 2, NULL, '', NULL, 4, '2016-11-17 00:00:00', 1, 1),
(346, 3, NULL, '', 2, 4, '2016-11-17 00:00:00', 1, 1),
(347, 3, NULL, '', NULL, 2, '2016-11-17 00:00:00', 1, 1),
(348, 3, NULL, '', NULL, 1, '2016-11-17 00:00:00', 1, 1),
(349, 3, NULL, '', 6, 1, '2016-11-17 00:00:00', 1, 1),
(350, 3, NULL, '', 5, 1, '2016-11-17 00:00:00', 1, 1),
(351, 4, NULL, '', 2, 1, '2016-11-17 00:00:00', 1, 504),
(352, 2, NULL, '', 4, 4, '2016-11-17 00:00:00', 1, 504),
(353, 4, NULL, '', 9, 4, '2016-11-17 00:00:00', 1, 504),
(354, 4, NULL, '', NULL, 4, '2016-11-17 00:00:00', 1, 504),
(355, 3, NULL, '', NULL, 2, '2016-11-17 00:00:00', 1, 504),
(356, 4, NULL, '', 2, 4, '2016-11-17 00:00:00', 1, 504),
(357, 5, NULL, '', 4, 2, '2016-11-17 00:00:00', 1, 504),
(358, 3, NULL, '', 2, 1, '2016-11-17 00:00:00', 1, 504),
(359, 4, NULL, '', 9, 2, '2016-11-17 00:00:00', 1, 504),
(360, 5, NULL, '', NULL, 3, '2016-11-17 00:00:00', 1, 504),
(361, 2, NULL, '', 6, 2, '2016-11-17 00:00:00', 1, 504),
(362, 4, NULL, '', NULL, 1, '2016-11-17 00:00:00', 1, 504),
(363, 1, NULL, '', 7, 1, '2016-11-17 00:00:00', 1, 504),
(364, 3, NULL, '', 8, 3, '2016-11-17 00:00:00', 1, 504),
(365, 3, NULL, '', NULL, 4, '2016-11-17 00:00:00', 1, 504),
(366, 1, NULL, '', NULL, 4, '2016-11-17 00:00:00', 1, 504),
(367, 3, NULL, '', NULL, 1, '2016-11-17 00:00:00', 1, 504),
(368, 2, NULL, '', 6, 1, '2016-11-17 00:00:00', 1, 504),
(369, 4, NULL, '', 7, 4, '2016-11-17 00:00:00', 1, 504),
(370, 4, NULL, '', 10, 4, '2016-11-17 00:00:00', 1, 504),
(371, 4, NULL, '', NULL, 3, '2016-11-17 00:00:00', 1, 504),
(372, 5, NULL, '', 3, 3, '2016-11-17 00:00:00', 1, 504),
(373, 2, NULL, '', 9, 4, '2016-11-17 00:00:00', 1, 504),
(374, 1, NULL, '', 3, 2, '2016-11-17 00:00:00', 1, 504),
(375, 2, NULL, '', 6, 2, '2016-11-17 00:00:00', 1, 504),
(376, 2, NULL, '', NULL, 2, '2016-11-17 00:00:00', 1, 504),
(377, 1, NULL, '', 10, 3, '2016-11-17 00:00:00', 1, 504),
(378, 3, NULL, '', 3, 3, '2016-11-17 00:00:00', 1, 504),
(379, 3, NULL, '', NULL, 4, '2016-11-17 00:00:00', 1, 504),
(380, 2, NULL, '', NULL, 1, '2016-11-17 00:00:00', 1, 504),
(381, 2, NULL, '', 6, 3, '2016-11-17 00:00:00', 1, 504),
(382, 4, NULL, '', NULL, 3, '2016-11-17 00:00:00', 1, 504),
(383, 3, NULL, '', NULL, 3, '2016-11-17 00:00:00', 1, 504),
(384, 5, NULL, '', 8, 2, '2016-11-17 00:00:00', 1, 504),
(385, 4, NULL, '', NULL, 1, '2016-11-17 00:00:00', 1, 504),
(386, 1, NULL, '', 10, 4, '2016-11-17 00:00:00', 1, 504),
(387, 3, NULL, '', 6, 3, '2016-11-17 00:00:00', 1, 504),
(388, 5, NULL, '', NULL, 2, '2016-11-17 00:00:00', 1, 504),
(389, 4, NULL, '', 2, 3, '2016-11-17 00:00:00', 1, 504),
(390, 2, NULL, '', 4, 3, '2016-11-17 00:00:00', 1, 504),
(391, 4, NULL, '', NULL, 3, '2016-11-17 00:00:00', 1, 504),
(392, 5, NULL, '', 5, 3, '2016-11-17 00:00:00', 1, 504),
(393, 5, NULL, '', NULL, 4, '2016-11-17 00:00:00', 1, 504),
(394, 3, NULL, '', 8, 4, '2016-11-17 00:00:00', 1, 504),
(395, 4, NULL, '', NULL, 1, '2016-11-17 00:00:00', 1, 504),
(396, 3, NULL, '', 1, 4, '2016-11-17 00:00:00', 1, 504),
(397, 4, NULL, '', 4, 2, '2016-11-17 00:00:00', 1, 504),
(398, 2, NULL, '', 3, 4, '2016-11-17 00:00:00', 1, 504),
(399, 1, NULL, '', 8, 4, '2016-11-17 00:00:00', 1, 504),
(400, 4, NULL, '', 3, 4, '2016-11-17 00:00:00', 1, 504),
(401, 4, NULL, '', 4, 3, '2016-11-17 00:00:00', 1, 504),
(402, 4, NULL, '', 6, 4, '2016-11-17 00:00:00', 1, 504),
(403, 1, NULL, '', 10, 2, '2016-11-17 00:00:00', 1, 504),
(404, 2, NULL, '', NULL, 3, '2016-11-17 00:00:00', 1, 504),
(405, 1, NULL, '', NULL, 1, '2016-11-17 00:00:00', 1, 504),
(406, 5, NULL, '', NULL, 1, '2016-11-17 00:00:00', 1, 504),
(407, 5, NULL, '', NULL, 1, '2016-11-17 00:00:00', 1, 504),
(408, 3, NULL, '', 6, 3, '2016-11-17 00:00:00', 1, 504),
(409, 2, NULL, '', NULL, 4, '2016-11-17 00:00:00', 1, 504),
(410, 1, NULL, '', NULL, 1, '2016-11-17 00:00:00', 1, 504),
(411, 2, NULL, '', NULL, 3, '2016-11-17 00:00:00', 1, 504),
(412, 4, NULL, '', NULL, 2, '2016-11-17 00:00:00', 1, 504),
(413, 3, NULL, '', NULL, 4, '2016-11-17 00:00:00', 1, 504),
(414, 5, NULL, '', NULL, 3, '2016-11-17 00:00:00', 1, 504),
(415, 3, NULL, '', 6, 4, '2016-11-17 00:00:00', 1, 504),
(416, 1, NULL, '', 10, 2, '2016-11-17 00:00:00', 1, 504),
(417, 1, NULL, '', 5, 1, '2016-11-17 00:00:00', 1, 504),
(418, 1, NULL, '', 5, 2, '2016-11-17 00:00:00', 1, 504),
(419, 2, NULL, '', 7, 3, '2016-11-17 00:00:00', 1, 504),
(420, 4, NULL, '', 1, 3, '2016-11-17 00:00:00', 1, 504),
(421, 5, NULL, '', 8, 1, '2016-11-17 00:00:00', 1, 504),
(422, 2, NULL, '', 5, 2, '2016-11-17 00:00:00', 1, 504),
(423, 3, NULL, '', NULL, 1, '2016-11-17 00:00:00', 1, 504),
(424, 3, NULL, '', NULL, 1, '2016-11-17 00:00:00', 1, 504),
(425, 1, NULL, '', 6, 2, '2016-11-17 00:00:00', 1, 504),
(426, 3, NULL, '', NULL, 3, '2016-11-17 00:00:00', 1, 504),
(427, 1, NULL, '', 5, 1, '2016-11-17 00:00:00', 1, 504),
(428, 2, NULL, '', 8, 3, '2016-11-17 00:00:00', 1, 504),
(429, 1, NULL, '', 10, 1, '2016-11-17 00:00:00', 1, 504),
(430, 5, NULL, '', NULL, 4, '2016-11-17 00:00:00', 1, 504),
(431, 1, NULL, '', 4, 1, '2016-11-17 00:00:00', 1, 504),
(432, 1, NULL, '', NULL, 3, '2016-11-17 00:00:00', 1, 504),
(433, 4, NULL, '', 5, 1, '2016-11-17 00:00:00', 1, 504),
(434, 1, NULL, '', NULL, 3, '2016-11-17 00:00:00', 1, 504),
(435, 1, NULL, '', 10, 2, '2016-11-17 00:00:00', 1, 504),
(436, 1, NULL, '', 3, 1, '2016-11-17 00:00:00', 1, 504),
(437, 2, NULL, '', NULL, 1, '2016-11-17 00:00:00', 1, 504),
(438, 3, NULL, '', 6, 4, '2016-11-17 00:00:00', 1, 504),
(439, 1, NULL, '', 6, 2, '2016-11-17 00:00:00', 1, 504),
(440, 2, NULL, '', 7, 2, '2016-11-17 00:00:00', 1, 504),
(441, 1, NULL, '', NULL, 1, '2016-11-17 00:00:00', 1, 504),
(442, 4, NULL, '', 8, 2, '2016-11-17 00:00:00', 1, 504),
(443, 2, NULL, '', NULL, 2, '2016-11-17 00:00:00', 1, 504),
(444, 5, NULL, '', 5, 4, '2016-11-17 00:00:00', 1, 504),
(445, 1, NULL, '', NULL, 3, '2016-11-17 00:00:00', 1, 504),
(446, 2, NULL, '', NULL, 3, '2016-11-17 00:00:00', 1, 504),
(447, 1, NULL, '', 4, 4, '2016-11-17 00:00:00', 1, 504),
(448, 4, NULL, '', 10, 4, '2016-11-17 00:00:00', 1, 504),
(449, 1, NULL, '', NULL, 1, '2016-11-17 00:00:00', 1, 504),
(450, 5, NULL, '', NULL, 1, '2016-11-17 00:00:00', 1, 504);

-- --------------------------------------------------------

--
-- Структура таблицы `news`
--

CREATE TABLE `news` (
  `id` int(10) UNSIGNED NOT NULL,
  `title` varchar(200) NOT NULL,
  `create_date_time` datetime NOT NULL DEFAULT CURRENT_TIMESTAMP,
  `id_user` int(10) UNSIGNED DEFAULT NULL,
  `analytical` tinyint(4) DEFAULT NULL,
  `count_readers` int(11) DEFAULT NULL,
  `text` text NOT NULL
) ENGINE=InnoDB DEFAULT CHARSET=utf8;

--
-- Дамп данных таблицы `news`
--

INSERT INTO `news` (`id`, `title`, `create_date_time`, `id_user`, `analytical`, `count_readers`, `text`) VALUES
(1, 'Curabitur at ipsum ac tellus semper interdum.', '2016-12-29 00:00:00', 1, 1, 61, 'In sagittis dui vel nisl. Duis ac nibh. Fusce lacus purus, aliquet at, feugiat non, pretium quis, lectus.In sagittis dui vel nisl. Duis ac nibh. Fusce lacus purus, aliquet at, feugiat non, pretium quis, lectus.In sagittis dui vel nisl. Duis ac nibh. Fusce lacus purus, aliquet at, feugiat non, pretium quis, lectus.In sagittis dui vel nisl. Duis ac nibh. Fusce lacus purus, aliquet at, feugiat non, pretium quis, lectus.In sagittis dui vel nisl. Duis ac nibh. Fusce lacus purus, aliquet at, feugiat non, pretium quis, lectus.In sagittis dui vel nisl. Duis ac nibh. Fusce lacus purus, aliquet at, feugiat non, pretium quis, lectus.In sagittis dui vel nisl. Duis ac nibh. Fusce lacus purus, aliquet at, feugiat non, pretium quis, lectus.In sagittis dui vel nisl. Duis ac nibh. Fusce lacus purus, aliquet at, feugiat non, pretium quis, lectus.In sagittis dui vel nisl. Duis ac nibh. Fusce lacus purus, aliquet at, feugiat non, pretium quis, lectus.In sagittis dui vel nisl. Duis ac nibh. Fusce lacus purus, aliquet at, feugiat non, pretium quis, lectus.In sagittis dui vel nisl. Duis ac nibh. Fusce lacus purus, aliquet at, feugiat non, pretium quis, lectus.In sagittis dui vel nisl. Duis ac nibh. Fusce lacus purus, aliquet at, feugiat non, pretium quis, lectus.In sagittis dui vel nisl. Duis ac nibh. Fusce lacus purus, aliquet at, feugiat non, pretium quis, lectus.In sagittis dui vel nisl. Duis ac nibh. Fusce lacus purus, aliquet at, feugiat non, pretium quis, lectus.In sagittis dui vel nisl. Duis ac nibh. Fusce lacus purus, aliquet at, feugiat non, pretium quis, lectus.'),
(2, 'Curabitur in libero ut massa volutpat convallis.', '2015-01-08 00:00:00', 1, NULL, 17, 'Nullam sit amet turpis elementum ligula vehicula consequat. Morbi a ipsum. Integer a nibh.'),
(3, 'Duis mattis egestas metus.', '2015-09-14 00:00:00', 1, NULL, NULL, 'Phasellus in felis. Donec semper sapien a libero. Nam dui.'),
(4, 'Suspendisse potenti.', '2014-11-05 00:00:00', 1, NULL, 94, 'Praesent blandit. Nam nulla. Integer pede justo, lacinia eget, tincidunt eget, tempus vel, pede.'),
(5, 'Morbi ut odio.', '2014-06-13 00:00:00', 1, NULL, NULL, 'Integer tincidunt ante vel ipsum. Praesent blandit lacinia erat. Vestibulum sed magna at nunc commodo placerat.'),
(6, 'Aliquam quis turpis eget elit sodales scelerisque.', '2014-08-28 00:00:00', 1, NULL, 31, 'Praesent id massa id nisl venenatis lacinia. Aenean sit amet justo. Morbi ut odio.'),
(7, 'Duis at velit eu est congue elementum.', '2014-02-28 00:00:00', 1, NULL, 66, 'Suspendisse potenti. In eleifend quam a odio. In hac habitasse platea dictumst.'),
(8, 'Suspendisse potenti.', '2014-06-23 00:00:00', 1, 1, 92, 'Quisque porta volutpat erat. Quisque erat eros, viverra eget, congue eget, semper rutrum, nulla. Nunc purus.'),
(9, 'Vestibulum ante ipsum primis in faucibus orci luctus et ultrices posuere cubilia Curae; Donec pharetra, magna vestibulum aliquet ultrices, erat tortor sollicitudin mi, sit amet lobortis sapien sapien ', '2014-03-13 00:00:00', 1, NULL, 52, 'Maecenas ut massa quis augue luctus tincidunt. Nulla mollis molestie lorem. Quisque ut erat.'),
(10, 'Mauris ullamcorper purus sit amet nulla.', '2014-08-06 00:00:00', 1, NULL, 34, 'Sed ante. Vivamus tortor. Duis mattis egestas metus.'),
(11, 'Proin leo odio, porttitor id, consequat in, consequat ut, nulla.', '2015-07-20 00:00:00', 1, NULL, 73, 'Lorem ipsum dolor sit amet, consectetuer adipiscing elit. Proin risus. Praesent lectus.'),
(12, 'Etiam justo.', '2014-04-22 00:00:00', 1, NULL, 62, 'Aenean lectus. Pellentesque eget nunc. Donec quis orci eget orci vehicula condimentum.'),
(13, 'Integer a nibh.', '2014-11-29 00:00:00', 1, 1, 67, 'Duis bibendum. Morbi non quam nec dui luctus rutrum. Nulla tellus.'),
(14, 'Mauris ullamcorper purus sit amet nulla.', '2015-01-05 00:00:00', 1, NULL, 77, 'Morbi porttitor lorem id ligula. Suspendisse ornare consequat lectus. In est risus, auctor sed, tristique in, tempus sit amet, sem.'),
(15, 'Aliquam non mauris.', '2016-12-29 00:00:00', 1, NULL, 15, 'Quisque id justo sit amet sapien dignissim vestibulum. Vestibulum ante ipsum primis in faucibus orci luctus et ultrices posuere cubilia Curae; Nulla dapibus dolor vel est. Donec odio justo, sollicitudin ut, suscipit a, feugiat et, eros.'),
(16, 'Donec ut dolor.', '2015-02-27 00:00:00', 1, 1, 56, 'Phasellus sit amet erat. Nulla tempus. Vivamus in felis eu sapien cursus vestibulum.'),
(17, 'Vivamus vel nulla eget eros elementum pellentesque.', '2016-11-26 00:00:00', 1, NULL, NULL, 'Morbi non lectus. Aliquam sit amet diam in magna bibendum imperdiet. Nullam orci pede, venenatis non, sodales sed, tincidunt eu, felis.'),
(18, 'Sed accumsan felis.', '2015-06-11 00:00:00', 1, NULL, 44, 'Pellentesque at nulla. Suspendisse potenti. Cras in purus eu magna vulputate luctus.'),
(19, 'Nulla tempus.', '2016-03-27 00:00:00', 1, NULL, 1, 'Cras mi pede, malesuada in, imperdiet et, commodo vulputate, justo. In blandit ultrices enim. Lorem ipsum dolor sit amet, consectetuer adipiscing elit.'),
(20, 'Duis ac nibh.', '2016-04-18 00:00:00', 1, NULL, NULL, 'In congue. Etiam justo. Etiam pretium iaculis justo.'),
(21, 'In hac habitasse platea dictumst.', '2016-06-04 00:00:00', 1, NULL, 7, 'Curabitur at ipsum ac tellus semper interdum. Mauris ullamcorper purus sit amet nulla. Quisque arcu libero, rutrum ac, lobortis vel, dapibus at, diam.'),
(22, 'Mauris enim leo, rhoncus sed, vestibulum sit amet, cursus id, turpis.', '2016-02-16 00:00:00', 1, 1, NULL, 'Mauris enim leo, rhoncus sed, vestibulum sit amet, cursus id, turpis. Integer aliquet, massa id lobortis convallis, tortor risus dapibus augue, vel accumsan tellus nisi eu orci. Mauris lacinia sapien quis libero.'),
(23, 'Pellentesque ultrices mattis odio.', '2015-01-08 00:00:00', 1, NULL, 46, 'Nam ultrices, libero non mattis pulvinar, nulla pede ullamcorper augue, a suscipit nulla elit ac nulla. Sed vel enim sit amet nunc viverra dapibus. Nulla suscipit ligula in lacus.'),
(24, 'Proin leo odio, porttitor id, consequat in, consequat ut, nulla.', '2015-02-10 00:00:00', 1, NULL, 41, 'Aenean lectus. Pellentesque eget nunc. Donec quis orci eget orci vehicula condimentum.'),
(25, 'Maecenas leo odio, condimentum id, luctus nec, molestie sed, justo.', '2016-03-07 00:00:00', 1, NULL, NULL, 'Lorem ipsum dolor sit amet, consectetuer adipiscing elit. Proin risus. Praesent lectus.'),
(26, 'Morbi sem mauris, laoreet ut, rhoncus aliquet, pulvinar sed, nisl.', '2015-09-06 00:00:00', 1, 1, 65, 'Fusce posuere felis sed lacus. Morbi sem mauris, laoreet ut, rhoncus aliquet, pulvinar sed, nisl. Nunc rhoncus dui vel sem.'),
(27, 'Ut at dolor quis odio consequat varius.', '2014-02-28 00:00:00', 1, NULL, 41, 'Curabitur in libero ut massa volutpat convallis. Morbi odio odio, elementum eu, interdum eu, tincidunt in, leo. Maecenas pulvinar lobortis est.'),
(28, 'Pellentesque ultrices mattis odio.', '2014-09-13 00:00:00', 1, NULL, 66, 'Cras non velit nec nisi vulputate nonummy. Maecenas tincidunt lacus at velit. Vivamus vel nulla eget eros elementum pellentesque.'),
(29, 'Morbi vel lectus in quam fringilla rhoncus.', '2015-02-15 00:00:00', 1, NULL, 15, 'Cras mi pede, malesuada in, imperdiet et, commodo vulputate, justo. In blandit ultrices enim. Lorem ipsum dolor sit amet, consectetuer adipiscing elit.'),
(30, 'Morbi a ipsum.', '2015-04-01 00:00:00', 1, NULL, 58, 'Cras non velit nec nisi vulputate nonummy. Maecenas tincidunt lacus at velit. Vivamus vel nulla eget eros elementum pellentesque.'),
(31, 'Vivamus vestibulum sagittis sapien.', '2015-10-04 00:00:00', 1, NULL, 70, 'Duis bibendum, felis sed interdum venenatis, turpis enim blandit mi, in porttitor pede justo eu massa. Donec dapibus. Duis at velit eu est congue elementum.'),
(32, 'Proin eu mi.', '2014-11-11 00:00:00', 1, NULL, NULL, 'Mauris enim leo, rhoncus sed, vestibulum sit amet, cursus id, turpis. Integer aliquet, massa id lobortis convallis, tortor risus dapibus augue, vel accumsan tellus nisi eu orci. Mauris lacinia sapien quis libero.'),
(33, 'Praesent id massa id nisl venenatis lacinia.', '2014-10-19 00:00:00', 1, NULL, NULL, 'Lorem ipsum dolor sit amet, consectetuer adipiscing elit. Proin risus. Praesent lectus.'),
(34, 'In hac habitasse platea dictumst.', '2015-06-06 00:00:00', 1, NULL, 98, 'Phasellus sit amet erat. Nulla tempus. Vivamus in felis eu sapien cursus vestibulum.'),
(35, 'Maecenas tincidunt lacus at velit.', '2016-08-19 00:00:00', 1, NULL, 65, 'Morbi porttitor lorem id ligula. Suspendisse ornare consequat lectus. In est risus, auctor sed, tristique in, tempus sit amet, sem.'),
(36, 'Duis consequat dui nec nisi volutpat eleifend.', '2016-06-10 00:00:00', 1, NULL, NULL, 'Curabitur gravida nisi at nibh. In hac habitasse platea dictumst. Aliquam augue quam, sollicitudin vitae, consectetuer eget, rutrum at, lorem.'),
(37, 'Maecenas pulvinar lobortis est.', '2016-08-19 00:00:00', 1, NULL, 55, 'Proin leo odio, porttitor id, consequat in, consequat ut, nulla. Sed accumsan felis. Ut at dolor quis odio consequat varius.'),
(38, 'Vivamus metus arcu, adipiscing molestie, hendrerit at, vulputate vitae, nisl.', '2014-04-24 00:00:00', 1, 1, 69, 'Aenean fermentum. Donec ut mauris eget massa tempor convallis. Nulla neque libero, convallis eget, eleifend luctus, ultricies eu, nibh.'),
(39, 'Cras pellentesque volutpat dui.', '2015-12-03 00:00:00', 1, NULL, NULL, 'Duis aliquam convallis nunc. Proin at turpis a pede posuere nonummy. Integer non velit.'),
(40, 'Nulla suscipit ligula in lacus.', '2014-12-18 00:00:00', 1, NULL, NULL, 'Phasellus in felis. Donec semper sapien a libero. Nam dui.'),
(41, 'Aliquam erat volutpat.', '2014-05-01 00:00:00', 1, NULL, 79, 'Duis bibendum, felis sed interdum venenatis, turpis enim blandit mi, in porttitor pede justo eu massa. Donec dapibus. Duis at velit eu est congue elementum.'),
(42, 'Fusce congue, diam id ornare imperdiet, sapien urna pretium nisl, ut volutpat sapien arcu sed augue.', '2014-06-20 00:00:00', 1, NULL, 56, 'Phasellus in felis. Donec semper sapien a libero. Nam dui.'),
(43, 'Maecenas leo odio, condimentum id, luctus nec, molestie sed, justo.', '2014-10-15 00:00:00', 1, 1, 74, 'In hac habitasse platea dictumst. Morbi vestibulum, velit id pretium iaculis, diam erat fermentum justo, nec condimentum neque sapien placerat ante. Nulla justo.'),
(44, 'Maecenas ut massa quis augue luctus tincidunt.', '2016-01-13 00:00:00', 1, NULL, 45, 'Etiam vel augue. Vestibulum rutrum rutrum neque. Aenean auctor gravida sem.'),
(45, 'Maecenas ut massa quis augue luctus tincidunt.', '2014-06-14 00:00:00', 1, NULL, NULL, 'Nulla ut erat id mauris vulputate elementum. Nullam varius. Nulla facilisi.'),
(46, 'Donec diam neque, vestibulum eget, vulputate ut, ultrices vel, augue.', '2015-09-04 00:00:00', 1, 1, 67, 'Curabitur at ipsum ac tellus semper interdum. Mauris ullamcorper purus sit amet nulla. Quisque arcu libero, rutrum ac, lobortis vel, dapibus at, diam.'),
(47, 'Duis ac nibh.', '2015-05-21 00:00:00', 1, NULL, 100, 'Praesent blandit. Nam nulla. Integer pede justo, lacinia eget, tincidunt eget, tempus vel, pede.'),
(48, 'Donec vitae nisi.', '2015-12-26 00:00:00', 1, NULL, 61, 'Curabitur gravida nisi at nibh. In hac habitasse platea dictumst. Aliquam augue quam, sollicitudin vitae, consectetuer eget, rutrum at, lorem.'),
(49, 'Aenean lectus.', '2014-12-19 00:00:00', 1, 1, NULL, 'Cras non velit nec nisi vulputate nonummy. Maecenas tincidunt lacus at velit. Vivamus vel nulla eget eros elementum pellentesque.'),
(50, 'Morbi quis tortor id nulla ultrices aliquet.', '2016-05-04 00:00:00', 1, NULL, 66, 'Nullam sit amet turpis elementum ligula vehicula consequat. Morbi a ipsum. Integer a nibh.'),
(51, 'Aenean auctor gravida sem.', '2015-05-02 00:00:00', 1, NULL, 72, 'Maecenas tristique, est et tempus semper, est quam pharetra magna, ac consequat metus sapien ut nunc. Vestibulum ante ipsum primis in faucibus orci luctus et ultrices posuere cubilia Curae; Mauris viverra diam vitae quam. Suspendisse potenti.'),
(52, 'Mauris lacinia sapien quis libero.', '2015-01-23 00:00:00', 1, 1, 32, 'Nullam porttitor lacus at turpis. Donec posuere metus vitae ipsum. Aliquam non mauris.'),
(53, 'Donec dapibus.', '2015-10-06 00:00:00', 1, NULL, 94, 'Duis bibendum, felis sed interdum venenatis, turpis enim blandit mi, in porttitor pede justo eu massa. Donec dapibus. Duis at velit eu est congue elementum.'),
(54, 'Aenean fermentum.', '2015-10-28 00:00:00', 1, NULL, NULL, 'Morbi porttitor lorem id ligula. Suspendisse ornare consequat lectus. In est risus, auctor sed, tristique in, tempus sit amet, sem.'),
(55, 'Duis at velit eu est congue elementum.', '2015-08-22 00:00:00', 1, 1, 38, 'Nullam sit amet turpis elementum ligula vehicula consequat. Morbi a ipsum. Integer a nibh.'),
(56, 'Cras non velit nec nisi vulputate nonummy.', '2014-07-30 00:00:00', 1, NULL, 4, 'Curabitur at ipsum ac tellus semper interdum. Mauris ullamcorper purus sit amet nulla. Quisque arcu libero, rutrum ac, lobortis vel, dapibus at, diam.'),
(57, 'Nulla mollis molestie lorem.', '2014-12-12 00:00:00', 1, NULL, 37, 'Aenean lectus. Pellentesque eget nunc. Donec quis orci eget orci vehicula condimentum.'),
(58, 'Integer aliquet, massa id lobortis convallis, tortor risus dapibus augue, vel accumsan tellus nisi eu orci.', '2016-06-05 00:00:00', 1, NULL, NULL, 'Proin leo odio, porttitor id, consequat in, consequat ut, nulla. Sed accumsan felis. Ut at dolor quis odio consequat varius.'),
(59, 'In tempor, turpis nec euismod scelerisque, quam turpis adipiscing lorem, vitae mattis nibh ligula nec sem.', '2014-07-26 00:00:00', 1, NULL, 57, 'Aenean fermentum. Donec ut mauris eget massa tempor convallis. Nulla neque libero, convallis eget, eleifend luctus, ultricies eu, nibh.'),
(60, 'Nulla tempus.', '2016-06-11 00:00:00', 1, NULL, 52, 'Morbi porttitor lorem id ligula. Suspendisse ornare consequat lectus. In est risus, auctor sed, tristique in, tempus sit amet, sem.'),
(61, 'Maecenas ut massa quis augue luctus tincidunt.', '2015-06-21 00:00:00', 1, NULL, NULL, 'Phasellus sit amet erat. Nulla tempus. Vivamus in felis eu sapien cursus vestibulum.'),
(62, 'Nunc purus.', '2014-07-17 00:00:00', 1, NULL, NULL, 'Praesent blandit. Nam nulla. Integer pede justo, lacinia eget, tincidunt eget, tempus vel, pede.'),
(63, 'In congue.', '2015-09-01 00:00:00', 1, NULL, 76, 'Proin eu mi. Nulla ac enim. In tempor, turpis nec euismod scelerisque, quam turpis adipiscing lorem, vitae mattis nibh ligula nec sem.'),
(64, 'Suspendisse ornare consequat lectus.', '2015-02-12 00:00:00', 1, NULL, 31, 'Duis bibendum, felis sed interdum venenatis, turpis enim blandit mi, in porttitor pede justo eu massa. Donec dapibus. Duis at velit eu est congue elementum.'),
(65, 'Aenean auctor gravida sem.', '2015-11-11 00:00:00', 1, 1, NULL, 'Praesent blandit. Nam nulla. Integer pede justo, lacinia eget, tincidunt eget, tempus vel, pede.'),
(66, 'In blandit ultrices enim.', '2016-01-16 00:00:00', 1, NULL, 86, 'Nulla ut erat id mauris vulputate elementum. Nullam varius. Nulla facilisi.'),
(67, 'In hac habitasse platea dictumst.', '2015-01-11 00:00:00', 1, NULL, 83, 'In quis justo. Maecenas rhoncus aliquam lacus. Morbi quis tortor id nulla ultrices aliquet.'),
(68, 'Mauris ullamcorper purus sit amet nulla.', '2016-05-05 00:00:00', 1, NULL, 35, 'Morbi non lectus. Aliquam sit amet diam in magna bibendum imperdiet. Nullam orci pede, venenatis non, sodales sed, tincidunt eu, felis.'),
(69, 'Nunc rhoncus dui vel sem.', '2016-04-17 00:00:00', 1, NULL, 4, 'Integer tincidunt ante vel ipsum. Praesent blandit lacinia erat. Vestibulum sed magna at nunc commodo placerat.'),
(70, 'Fusce posuere felis sed lacus.', '2015-03-06 00:00:00', 1, NULL, 21, 'Quisque porta volutpat erat. Quisque erat eros, viverra eget, congue eget, semper rutrum, nulla. Nunc purus.'),
(71, 'Nullam varius.', '2014-04-18 00:00:00', 1, NULL, NULL, 'Mauris enim leo, rhoncus sed, vestibulum sit amet, cursus id, turpis. Integer aliquet, massa id lobortis convallis, tortor risus dapibus augue, vel accumsan tellus nisi eu orci. Mauris lacinia sapien quis libero.'),
(72, 'In hac habitasse platea dictumst.', '2015-08-01 00:00:00', 1, 1, NULL, 'Nullam sit amet turpis elementum ligula vehicula consequat. Morbi a ipsum. Integer a nibh.'),
(73, 'Vestibulum ante ipsum primis in faucibus orci luctus et ultrices posuere cubilia Curae; Donec pharetra, magna vestibulum aliquet ultrices, erat tortor sollicitudin mi, sit amet lobortis sapien sapien ', '2016-07-25 00:00:00', 1, NULL, 69, 'Maecenas ut massa quis augue luctus tincidunt. Nulla mollis molestie lorem. Quisque ut erat.'),
(74, 'Donec odio justo, sollicitudin ut, suscipit a, feugiat et, eros.', '2015-02-20 00:00:00', 1, 1, 96, 'Maecenas tristique, est et tempus semper, est quam pharetra magna, ac consequat metus sapien ut nunc. Vestibulum ante ipsum primis in faucibus orci luctus et ultrices posuere cubilia Curae; Mauris viverra diam vitae quam. Suspendisse potenti.'),
(75, 'In blandit ultrices enim.', '2016-06-12 00:00:00', 1, NULL, 67, 'Morbi non lectus. Aliquam sit amet diam in magna bibendum imperdiet. Nullam orci pede, venenatis non, sodales sed, tincidunt eu, felis.'),
(76, 'Vestibulum ante ipsum primis in faucibus orci luctus et ultrices posuere cubilia Curae; Nulla dapibus dolor vel est.', '2015-04-19 00:00:00', 1, NULL, 62, 'Lorem ipsum dolor sit amet, consectetuer adipiscing elit. Proin risus. Praesent lectus.'),
(77, 'Etiam justo.', '2016-10-31 00:00:00', 1, NULL, 7, 'In sagittis dui vel nisl. Duis ac nibh. Fusce lacus purus, aliquet at, feugiat non, pretium quis, lectus.'),
(78, 'Sed sagittis.', '2015-03-27 00:00:00', 1, NULL, 81, 'Curabitur in libero ut massa volutpat convallis. Morbi odio odio, elementum eu, interdum eu, tincidunt in, leo. Maecenas pulvinar lobortis est.'),
(79, 'Nulla tellus.', '2015-01-28 00:00:00', 1, NULL, 70, 'Duis bibendum. Morbi non quam nec dui luctus rutrum. Nulla tellus.'),
(80, 'Duis aliquam convallis nunc.', '2014-12-29 00:00:00', 1, NULL, 76, 'In hac habitasse platea dictumst. Etiam faucibus cursus urna. Ut tellus.'),
(81, 'Cum sociis natoque penatibus et magnis dis parturient montes, nascetur ridiculus mus.', '2016-01-11 00:00:00', 1, NULL, NULL, 'Aliquam quis turpis eget elit sodales scelerisque. Mauris sit amet eros. Suspendisse accumsan tortor quis turpis.'),
(82, 'Pellentesque ultrices mattis odio.', '2015-02-03 00:00:00', 1, NULL, NULL, 'Cras non velit nec nisi vulputate nonummy. Maecenas tincidunt lacus at velit. Vivamus vel nulla eget eros elementum pellentesque.'),
(83, 'Proin eu mi.', '2014-09-01 00:00:00', 1, NULL, 33, 'Etiam vel augue. Vestibulum rutrum rutrum neque. Aenean auctor gravida sem.'),
(84, 'Donec ut mauris eget massa tempor convallis.', '2016-02-18 00:00:00', 1, 1, NULL, 'Cras non velit nec nisi vulputate nonummy. Maecenas tincidunt lacus at velit. Vivamus vel nulla eget eros elementum pellentesque.'),
(85, 'In tempor, turpis nec euismod scelerisque, quam turpis adipiscing lorem, vitae mattis nibh ligula nec sem.', '2015-12-03 00:00:00', 1, NULL, 45, 'Nullam sit amet turpis elementum ligula vehicula consequat. Morbi a ipsum. Integer a nibh.'),
(86, 'Vestibulum ante ipsum primis in faucibus orci luctus et ultrices posuere cubilia Curae; Donec pharetra, magna vestibulum aliquet ultrices, erat tortor sollicitudin mi, sit amet lobortis sapien sapien ', '2015-06-04 00:00:00', 1, NULL, 43, 'Maecenas ut massa quis augue luctus tincidunt. Nulla mollis molestie lorem. Quisque ut erat.'),
(87, 'Duis bibendum.', '2016-08-13 00:00:00', 1, NULL, 53, 'Maecenas tristique, est et tempus semper, est quam pharetra magna, ac consequat metus sapien ut nunc. Vestibulum ante ipsum primis in faucibus orci luctus et ultrices posuere cubilia Curae; Mauris viverra diam vitae quam. Suspendisse potenti.'),
(88, 'Integer aliquet, massa id lobortis convallis, tortor risus dapibus augue, vel accumsan tellus nisi eu orci.', '2015-04-05 00:00:00', 1, NULL, 59, 'Etiam vel augue. Vestibulum rutrum rutrum neque. Aenean auctor gravida sem.'),
(89, 'Lorem ipsum dolor sit amet, consectetuer adipiscing elit.', '2014-02-09 00:00:00', 1, NULL, NULL, 'Praesent blandit. Nam nulla. Integer pede justo, lacinia eget, tincidunt eget, tempus vel, pede.'),
(90, 'Morbi quis tortor id nulla ultrices aliquet.', '2015-02-05 00:00:00', 1, NULL, NULL, 'Donec diam neque, vestibulum eget, vulputate ut, ultrices vel, augue. Vestibulum ante ipsum primis in faucibus orci luctus et ultrices posuere cubilia Curae; Donec pharetra, magna vestibulum aliquet ultrices, erat tortor sollicitudin mi, sit amet lobortis sapien sapien non mi. Integer ac neque.'),
(91, 'Aliquam erat volutpat.', '2015-12-26 00:00:00', 1, NULL, 3, 'Aenean fermentum. Donec ut mauris eget massa tempor convallis. Nulla neque libero, convallis eget, eleifend luctus, ultricies eu, nibh.'),
(92, 'Vivamus vel nulla eget eros elementum pellentesque.', '2016-11-05 00:00:00', 1, 1, NULL, 'Fusce consequat. Nulla nisl. Nunc nisl.'),
(93, 'Morbi sem mauris, laoreet ut, rhoncus aliquet, pulvinar sed, nisl.', '2016-10-28 00:00:00', 1, NULL, 96, 'Duis consequat dui nec nisi volutpat eleifend. Donec ut dolor. Morbi vel lectus in quam fringilla rhoncus.'),
(94, 'Praesent blandit lacinia erat.', '2014-07-06 00:00:00', 1, NULL, NULL, 'Fusce posuere felis sed lacus. Morbi sem mauris, laoreet ut, rhoncus aliquet, pulvinar sed, nisl. Nunc rhoncus dui vel sem.'),
(95, 'In eleifend quam a odio.', '2015-12-12 00:00:00', 1, 1, 94, 'Curabitur in libero ut massa volutpat convallis. Morbi odio odio, elementum eu, interdum eu, tincidunt in, leo. Maecenas pulvinar lobortis est.'),
(96, 'Cras pellentesque volutpat dui.', '2015-05-11 00:00:00', 1, 1, NULL, 'Aenean fermentum. Donec ut mauris eget massa tempor convallis. Nulla neque libero, convallis eget, eleifend luctus, ultricies eu, nibh.'),
(97, 'Nulla mollis molestie lorem.', '2016-12-18 00:00:00', 1, NULL, NULL, 'Vestibulum quam sapien, varius ut, blandit non, interdum in, ante. Vestibulum ante ipsum primis in faucibus orci luctus et ultrices posuere cubilia Curae; Duis faucibus accumsan odio. Curabitur convallis.'),
(98, 'Morbi a ipsum.', '2014-09-03 00:00:00', 1, NULL, 9, 'Sed sagittis. Nam congue, risus semper porta volutpat, quam pede lobortis ligula, sit amet eleifend pede libero quis orci. Nullam molestie nibh in lectus.'),
(99, 'Ut at dolor quis odio consequat varius.', '2014-08-30 00:00:00', 1, 1, 8, 'Curabitur in libero ut massa volutpat convallis. Morbi odio odio, elementum eu, interdum eu, tincidunt in, leo. Maecenas pulvinar lobortis est.'),
(100, 'Duis ac nibh.', '2015-12-28 00:00:00', 1, 1, NULL, 'Quisque id justo sit amet sapien dignissim vestibulum. Vestibulum ante ipsum primis in faucibus orci luctus et ultrices posuere cubilia Curae; Nulla dapibus dolor vel est. Donec odio justo, sollicitudin ut, suscipit a, feugiat et, eros.'),
(101, 'In tempor, turpis nec euismod scelerisque, quam turpis adipiscing lorem, vitae mattis nibh ligula nec sem.', '2016-11-07 00:00:00', 1, NULL, 29, 'Integer tincidunt ante vel ipsum. Praesent blandit lacinia erat. Vestibulum sed magna at nunc commodo placerat.'),
(102, 'Proin leo odio, porttitor id, consequat in, consequat ut, nulla.', '2016-04-28 00:00:00', 1, NULL, 81, 'Etiam vel augue. Vestibulum rutrum rutrum neque. Aenean auctor gravida sem.'),
(103, 'Maecenas rhoncus aliquam lacus.', '2014-01-20 00:00:00', 1, NULL, 25, 'Nullam sit amet turpis elementum ligula vehicula consequat. Morbi a ipsum. Integer a nibh.'),
(104, 'Nunc purus.', '2015-06-19 00:00:00', 1, NULL, 79, 'Nulla ut erat id mauris vulputate elementum. Nullam varius. Nulla facilisi.'),
(105, 'Nulla tempus.', '2016-07-09 00:00:00', 1, NULL, 3, 'Phasellus in felis. Donec semper sapien a libero. Nam dui.'),
(106, 'Etiam faucibus cursus urna.', '2015-12-17 00:00:00', 1, NULL, 84, 'In quis justo. Maecenas rhoncus aliquam lacus. Morbi quis tortor id nulla ultrices aliquet.'),
(107, 'Morbi vel lectus in quam fringilla rhoncus.', '2016-09-15 00:00:00', 1, NULL, 36, 'Quisque id justo sit amet sapien dignissim vestibulum. Vestibulum ante ipsum primis in faucibus orci luctus et ultrices posuere cubilia Curae; Nulla dapibus dolor vel est. Donec odio justo, sollicitudin ut, suscipit a, feugiat et, eros.'),
(108, 'Duis mattis egestas metus.', '2016-11-19 00:00:00', 1, NULL, 9, 'Quisque id justo sit amet sapien dignissim vestibulum. Vestibulum ante ipsum primis in faucibus orci luctus et ultrices posuere cubilia Curae; Nulla dapibus dolor vel est. Donec odio justo, sollicitudin ut, suscipit a, feugiat et, eros.'),
(109, 'Ut tellus.', '2014-11-08 00:00:00', 1, 1, 28, 'Nulla ut erat id mauris vulputate elementum. Nullam varius. Nulla facilisi.'),
(110, 'Nulla justo.', '2016-10-23 00:00:00', 1, 1, 47, 'In sagittis dui vel nisl. Duis ac nibh. Fusce lacus purus, aliquet at, feugiat non, pretium quis, lectus.'),
(111, 'Praesent lectus.', '2016-12-12 00:00:00', 1, 1, 31, 'Curabitur gravida nisi at nibh. In hac habitasse platea dictumst. Aliquam augue quam, sollicitudin vitae, consectetuer eget, rutrum at, lorem.'),
(112, 'Nulla nisl.', '2014-12-01 00:00:00', 1, 1, NULL, 'Vestibulum quam sapien, varius ut, blandit non, interdum in, ante. Vestibulum ante ipsum primis in faucibus orci luctus et ultrices posuere cubilia Curae; Duis faucibus accumsan odio. Curabitur convallis.'),
(113, 'Aliquam non mauris.', '2015-07-29 00:00:00', 1, NULL, 99, 'Nullam porttitor lacus at turpis. Donec posuere metus vitae ipsum. Aliquam non mauris.'),
(114, 'Cras non velit nec nisi vulputate nonummy.', '2015-06-22 00:00:00', 1, NULL, 100, 'Phasellus in felis. Donec semper sapien a libero. Nam dui.'),
(115, 'Cum sociis natoque penatibus et magnis dis parturient montes, nascetur ridiculus mus.', '2015-11-17 00:00:00', 1, NULL, 84, 'Vestibulum ac est lacinia nisi venenatis tristique. Fusce congue, diam id ornare imperdiet, sapien urna pretium nisl, ut volutpat sapien arcu sed augue. Aliquam erat volutpat.'),
(116, 'Vivamus vel nulla eget eros elementum pellentesque.', '2015-06-11 00:00:00', 1, 1, 40, 'Cras mi pede, malesuada in, imperdiet et, commodo vulputate, justo. In blandit ultrices enim. Lorem ipsum dolor sit amet, consectetuer adipiscing elit.'),
(117, 'Integer a nibh.', '2014-10-13 00:00:00', 1, NULL, 29, 'Duis bibendum, felis sed interdum venenatis, turpis enim blandit mi, in porttitor pede justo eu massa. Donec dapibus. Duis at velit eu est congue elementum.'),
(118, 'Duis bibendum.', '2014-09-27 00:00:00', 1, NULL, 71, 'Morbi non lectus. Aliquam sit amet diam in magna bibendum imperdiet. Nullam orci pede, venenatis non, sodales sed, tincidunt eu, felis.'),
(119, 'Sed vel enim sit amet nunc viverra dapibus.', '2015-08-31 00:00:00', 1, NULL, 52, 'Duis bibendum. Morbi non quam nec dui luctus rutrum. Nulla tellus.'),
(120, 'Etiam faucibus cursus urna.', '2014-07-18 00:00:00', 1, NULL, 49, 'Cras non velit nec nisi vulputate nonummy. Maecenas tincidunt lacus at velit. Vivamus vel nulla eget eros elementum pellentesque.'),
(121, 'Curabitur gravida nisi at nibh.', '2015-11-28 00:00:00', 1, NULL, 29, 'In hac habitasse platea dictumst. Morbi vestibulum, velit id pretium iaculis, diam erat fermentum justo, nec condimentum neque sapien placerat ante. Nulla justo.'),
(122, 'Vestibulum quam sapien, varius ut, blandit non, interdum in, ante.', '2016-03-19 00:00:00', 1, 1, 25, 'Mauris enim leo, rhoncus sed, vestibulum sit amet, cursus id, turpis. Integer aliquet, massa id lobortis convallis, tortor risus dapibus augue, vel accumsan tellus nisi eu orci. Mauris lacinia sapien quis libero.'),
(123, 'Fusce lacus purus, aliquet at, feugiat non, pretium quis, lectus.', '2015-05-23 00:00:00', 1, NULL, 76, 'Morbi porttitor lorem id ligula. Suspendisse ornare consequat lectus. In est risus, auctor sed, tristique in, tempus sit amet, sem.'),
(124, 'Maecenas ut massa quis augue luctus tincidunt.', '2015-12-02 00:00:00', 1, NULL, NULL, 'Curabitur in libero ut massa volutpat convallis. Morbi odio odio, elementum eu, interdum eu, tincidunt in, leo. Maecenas pulvinar lobortis est.'),
(125, 'In quis justo.', '2014-02-09 00:00:00', 1, NULL, 20, 'In hac habitasse platea dictumst. Etiam faucibus cursus urna. Ut tellus.'),
(126, 'Fusce posuere felis sed lacus.', '2016-05-31 00:00:00', 1, NULL, 38, 'Integer tincidunt ante vel ipsum. Praesent blandit lacinia erat. Vestibulum sed magna at nunc commodo placerat.'),
(127, 'Donec ut dolor.', '2016-10-13 00:00:00', 1, NULL, 33, 'Curabitur gravida nisi at nibh. In hac habitasse platea dictumst. Aliquam augue quam, sollicitudin vitae, consectetuer eget, rutrum at, lorem.'),
(128, 'Duis at velit eu est congue elementum.', '2016-08-31 00:00:00', 1, 1, 45, 'Cras non velit nec nisi vulputate nonummy. Maecenas tincidunt lacus at velit. Vivamus vel nulla eget eros elementum pellentesque.'),
(129, 'Suspendisse ornare consequat lectus.', '2014-09-08 00:00:00', 1, NULL, 17, 'In hac habitasse platea dictumst. Etiam faucibus cursus urna. Ut tellus.'),
(130, 'Duis bibendum, felis sed interdum venenatis, turpis enim blandit mi, in porttitor pede justo eu massa.', '2014-05-19 00:00:00', 1, NULL, 5, 'Duis bibendum, felis sed interdum venenatis, turpis enim blandit mi, in porttitor pede justo eu massa. Donec dapibus. Duis at velit eu est congue elementum.'),
(131, 'Cras pellentesque volutpat dui.', '2014-12-09 00:00:00', 1, NULL, 92, 'Quisque id justo sit amet sapien dignissim vestibulum. Vestibulum ante ipsum primis in faucibus orci luctus et ultrices posuere cubilia Curae; Nulla dapibus dolor vel est. Donec odio justo, sollicitudin ut, suscipit a, feugiat et, eros.'),
(132, 'Duis ac nibh.', '2016-04-04 00:00:00', 1, 1, 91, 'Phasellus sit amet erat. Nulla tempus. Vivamus in felis eu sapien cursus vestibulum.'),
(133, 'Nullam molestie nibh in lectus.', '2015-04-06 00:00:00', 1, NULL, 99, 'Nam ultrices, libero non mattis pulvinar, nulla pede ullamcorper augue, a suscipit nulla elit ac nulla. Sed vel enim sit amet nunc viverra dapibus. Nulla suscipit ligula in lacus.'),
(134, 'Donec odio justo, sollicitudin ut, suscipit a, feugiat et, eros.', '2015-01-07 00:00:00', 1, NULL, NULL, 'Duis bibendum. Morbi non quam nec dui luctus rutrum. Nulla tellus.'),
(135, 'Quisque id justo sit amet sapien dignissim vestibulum.', '2015-03-12 00:00:00', 1, NULL, 46, 'Sed ante. Vivamus tortor. Duis mattis egestas metus.'),
(136, 'Donec vitae nisi.', '2014-03-31 00:00:00', 1, NULL, 76, 'Fusce consequat. Nulla nisl. Nunc nisl.'),
(137, 'Etiam faucibus cursus urna.', '2014-02-17 00:00:00', 1, NULL, NULL, 'Vestibulum quam sapien, varius ut, blandit non, interdum in, ante. Vestibulum ante ipsum primis in faucibus orci luctus et ultrices posuere cubilia Curae; Duis faucibus accumsan odio. Curabitur convallis.'),
(138, 'Integer pede justo, lacinia eget, tincidunt eget, tempus vel, pede.', '2015-02-26 00:00:00', 1, NULL, NULL, 'Lorem ipsum dolor sit amet, consectetuer adipiscing elit. Proin risus. Praesent lectus.'),
(139, 'Suspendisse accumsan tortor quis turpis.', '2014-07-31 00:00:00', 1, NULL, 74, 'In congue. Etiam justo. Etiam pretium iaculis justo.'),
(140, 'Donec vitae nisi.', '2016-06-22 00:00:00', 1, NULL, 69, 'Sed sagittis. Nam congue, risus semper porta volutpat, quam pede lobortis ligula, sit amet eleifend pede libero quis orci. Nullam molestie nibh in lectus.'),
(141, 'Suspendisse potenti.', '2016-04-29 00:00:00', 1, NULL, NULL, 'Integer tincidunt ante vel ipsum. Praesent blandit lacinia erat. Vestibulum sed magna at nunc commodo placerat.'),
(142, 'Mauris enim leo, rhoncus sed, vestibulum sit amet, cursus id, turpis.', '2015-06-01 00:00:00', 1, 1, NULL, 'Sed sagittis. Nam congue, risus semper porta volutpat, quam pede lobortis ligula, sit amet eleifend pede libero quis orci. Nullam molestie nibh in lectus.'),
(143, 'Maecenas rhoncus aliquam lacus.', '2015-12-09 00:00:00', 1, NULL, 75, 'Morbi non lectus. Aliquam sit amet diam in magna bibendum imperdiet. Nullam orci pede, venenatis non, sodales sed, tincidunt eu, felis.'),
(144, 'Fusce lacus purus, aliquet at, feugiat non, pretium quis, lectus.', '2016-11-29 00:00:00', 1, 1, 69, 'Quisque id justo sit amet sapien dignissim vestibulum. Vestibulum ante ipsum primis in faucibus orci luctus et ultrices posuere cubilia Curae; Nulla dapibus dolor vel est. Donec odio justo, sollicitudin ut, suscipit a, feugiat et, eros.'),
(145, 'Aliquam quis turpis eget elit sodales scelerisque.', '2014-11-27 00:00:00', 1, NULL, 86, 'Cras mi pede, malesuada in, imperdiet et, commodo vulputate, justo. In blandit ultrices enim. Lorem ipsum dolor sit amet, consectetuer adipiscing elit.'),
(146, 'Aliquam non mauris.', '2015-05-06 00:00:00', 1, NULL, 98, 'Maecenas leo odio, condimentum id, luctus nec, molestie sed, justo. Pellentesque viverra pede ac diam. Cras pellentesque volutpat dui.'),
(147, 'Curabitur in libero ut massa volutpat convallis.', '2014-01-02 00:00:00', 1, 1, 40, 'Cras mi pede, malesuada in, imperdiet et, commodo vulputate, justo. In blandit ultrices enim. Lorem ipsum dolor sit amet, consectetuer adipiscing elit.'),
(148, 'Duis ac nibh.', '2015-05-25 00:00:00', 1, NULL, 16, 'Duis bibendum, felis sed interdum venenatis, turpis enim blandit mi, in porttitor pede justo eu massa. Donec dapibus. Duis at velit eu est congue elementum.'),
(149, 'Nam nulla.', '2016-08-25 00:00:00', 1, NULL, NULL, 'Vestibulum ac est lacinia nisi venenatis tristique. Fusce congue, diam id ornare imperdiet, sapien urna pretium nisl, ut volutpat sapien arcu sed augue. Aliquam erat volutpat.'),
(150, 'Pellentesque viverra pede ac diam.', '2016-01-15 00:00:00', 1, NULL, NULL, 'Cras mi pede, malesuada in, imperdiet et, commodo vulputate, justo. In blandit ultrices enim. Lorem ipsum dolor sit amet, consectetuer adipiscing elit.'),
(151, 'Donec ut dolor.', '2016-08-21 00:00:00', 1, NULL, NULL, 'Sed sagittis. Nam congue, risus semper porta volutpat, quam pede lobortis ligula, sit amet eleifend pede libero quis orci. Nullam molestie nibh in lectus.'),
(152, 'Aliquam quis turpis eget elit sodales scelerisque.', '2015-06-30 00:00:00', 1, 1, NULL, 'Integer ac leo. Pellentesque ultrices mattis odio. Donec vitae nisi.'),
(153, 'Nam congue, risus semper porta volutpat, quam pede lobortis ligula, sit amet eleifend pede libero quis orci.', '2014-12-20 00:00:00', 1, NULL, 37, 'Proin eu mi. Nulla ac enim. In tempor, turpis nec euismod scelerisque, quam turpis adipiscing lorem, vitae mattis nibh ligula nec sem.'),
(154, 'Fusce lacus purus, aliquet at, feugiat non, pretium quis, lectus.', '2016-09-25 00:00:00', 1, NULL, 33, 'Phasellus sit amet erat. Nulla tempus. Vivamus in felis eu sapien cursus vestibulum.'),
(155, 'Vestibulum ante ipsum primis in faucibus orci luctus et ultrices posuere cubilia Curae; Mauris viverra diam vitae quam.', '2014-03-24 00:00:00', 1, NULL, NULL, 'Duis bibendum, felis sed interdum venenatis, turpis enim blandit mi, in porttitor pede justo eu massa. Donec dapibus. Duis at velit eu est congue elementum.'),
(156, 'Curabitur convallis.', '2015-09-23 00:00:00', 1, NULL, 44, 'Mauris enim leo, rhoncus sed, vestibulum sit amet, cursus id, turpis. Integer aliquet, massa id lobortis convallis, tortor risus dapibus augue, vel accumsan tellus nisi eu orci. Mauris lacinia sapien quis libero.'),
(157, 'Morbi ut odio.', '2014-02-11 00:00:00', 1, NULL, 66, 'Nullam porttitor lacus at turpis. Donec posuere metus vitae ipsum. Aliquam non mauris.'),
(158, 'Sed sagittis.', '2015-04-28 00:00:00', 1, NULL, 60, 'Maecenas leo odio, condimentum id, luctus nec, molestie sed, justo. Pellentesque viverra pede ac diam. Cras pellentesque volutpat dui.'),
(159, 'Fusce congue, diam id ornare imperdiet, sapien urna pretium nisl, ut volutpat sapien arcu sed augue.', '2014-11-05 00:00:00', 1, NULL, 72, 'Maecenas leo odio, condimentum id, luctus nec, molestie sed, justo. Pellentesque viverra pede ac diam. Cras pellentesque volutpat dui.'),
(160, 'Nam congue, risus semper porta volutpat, quam pede lobortis ligula, sit amet eleifend pede libero quis orci.', '2015-05-18 00:00:00', 1, NULL, 18, 'Maecenas leo odio, condimentum id, luctus nec, molestie sed, justo. Pellentesque viverra pede ac diam. Cras pellentesque volutpat dui.'),
(161, 'Pellentesque eget nunc.', '2014-05-25 00:00:00', 1, 1, 40, 'Vestibulum ac est lacinia nisi venenatis tristique. Fusce congue, diam id ornare imperdiet, sapien urna pretium nisl, ut volutpat sapien arcu sed augue. Aliquam erat volutpat.'),
(162, 'In quis justo.', '2016-10-28 00:00:00', 1, NULL, NULL, 'Nullam sit amet turpis elementum ligula vehicula consequat. Morbi a ipsum. Integer a nibh.'),
(163, 'Pellentesque ultrices mattis odio.', '2016-07-28 00:00:00', 1, NULL, 84, 'Sed ante. Vivamus tortor. Duis mattis egestas metus.'),
(164, 'Etiam faucibus cursus urna.', '2015-09-06 00:00:00', 1, 1, 26, 'Nullam sit amet turpis elementum ligula vehicula consequat. Morbi a ipsum. Integer a nibh.'),
(165, 'Duis at velit eu est congue elementum.', '2016-01-01 00:00:00', 1, NULL, 37, 'Aliquam quis turpis eget elit sodales scelerisque. Mauris sit amet eros. Suspendisse accumsan tortor quis turpis.'),
(166, 'Vestibulum ante ipsum primis in faucibus orci luctus et ultrices posuere cubilia Curae; Nulla dapibus dolor vel est.', '2016-04-10 00:00:00', 1, 1, NULL, 'Sed ante. Vivamus tortor. Duis mattis egestas metus.'),
(167, 'Mauris lacinia sapien quis libero.', '2016-07-08 00:00:00', 1, 1, 100, 'Proin interdum mauris non ligula pellentesque ultrices. Phasellus id sapien in sapien iaculis congue. Vivamus metus arcu, adipiscing molestie, hendrerit at, vulputate vitae, nisl.'),
(168, 'Quisque arcu libero, rutrum ac, lobortis vel, dapibus at, diam.', '2014-08-29 00:00:00', 1, 1, NULL, 'Curabitur in libero ut massa volutpat convallis. Morbi odio odio, elementum eu, interdum eu, tincidunt in, leo. Maecenas pulvinar lobortis est.'),
(169, 'Proin leo odio, porttitor id, consequat in, consequat ut, nulla.', '2014-07-13 00:00:00', 1, 1, 86, 'Curabitur in libero ut massa volutpat convallis. Morbi odio odio, elementum eu, interdum eu, tincidunt in, leo. Maecenas pulvinar lobortis est.'),
(170, 'Quisque arcu libero, rutrum ac, lobortis vel, dapibus at, diam.', '2015-12-18 00:00:00', 1, NULL, 79, 'Duis bibendum. Morbi non quam nec dui luctus rutrum. Nulla tellus.'),
(171, 'Integer ac neque.', '2015-11-28 00:00:00', 1, NULL, 16, 'Morbi porttitor lorem id ligula. Suspendisse ornare consequat lectus. In est risus, auctor sed, tristique in, tempus sit amet, sem.'),
(172, 'Integer a nibh.', '2016-12-15 00:00:00', 1, NULL, NULL, 'Nullam porttitor lacus at turpis. Donec posuere metus vitae ipsum. Aliquam non mauris.'),
(173, 'Maecenas ut massa quis augue luctus tincidunt.', '2014-10-21 00:00:00', 1, NULL, NULL, 'In hac habitasse platea dictumst. Morbi vestibulum, velit id pretium iaculis, diam erat fermentum justo, nec condimentum neque sapien placerat ante. Nulla justo.'),
(174, 'Duis consequat dui nec nisi volutpat eleifend.', '2016-10-21 00:00:00', 1, 1, NULL, 'Mauris enim leo, rhoncus sed, vestibulum sit amet, cursus id, turpis. Integer aliquet, massa id lobortis convallis, tortor risus dapibus augue, vel accumsan tellus nisi eu orci. Mauris lacinia sapien quis libero.'),
(175, 'Maecenas leo odio, condimentum id, luctus nec, molestie sed, justo.', '2014-08-22 00:00:00', 1, NULL, 84, 'In congue. Etiam justo. Etiam pretium iaculis justo.'),
(176, 'Nam congue, risus semper porta volutpat, quam pede lobortis ligula, sit amet eleifend pede libero quis orci.', '2014-05-21 00:00:00', 1, NULL, 87, 'Nam ultrices, libero non mattis pulvinar, nulla pede ullamcorper augue, a suscipit nulla elit ac nulla. Sed vel enim sit amet nunc viverra dapibus. Nulla suscipit ligula in lacus.'),
(177, 'Nulla ut erat id mauris vulputate elementum.', '2016-01-09 00:00:00', 1, NULL, 24, 'In sagittis dui vel nisl. Duis ac nibh. Fusce lacus purus, aliquet at, feugiat non, pretium quis, lectus.'),
(178, 'Donec posuere metus vitae ipsum.', '2016-12-30 00:00:00', 1, 1, 83, 'In hac habitasse platea dictumst. Morbi vestibulum, velit id pretium iaculis, diam erat fermentum justo, nec condimentum neque sapien placerat ante. Nulla justo.'),
(179, 'Nunc rhoncus dui vel sem.', '2015-12-25 00:00:00', 1, NULL, 2, 'In sagittis dui vel nisl. Duis ac nibh. Fusce lacus purus, aliquet at, feugiat non, pretium quis, lectus.'),
(180, 'Nulla tempus.', '2016-02-25 00:00:00', 1, NULL, NULL, 'Cum sociis natoque penatibus et magnis dis parturient montes, nascetur ridiculus mus. Vivamus vestibulum sagittis sapien. Cum sociis natoque penatibus et magnis dis parturient montes, nascetur ridiculus mus.'),
(181, 'Nulla neque libero, convallis eget, eleifend luctus, ultricies eu, nibh.', '2015-07-02 00:00:00', 1, NULL, 9, 'Mauris enim leo, rhoncus sed, vestibulum sit amet, cursus id, turpis. Integer aliquet, massa id lobortis convallis, tortor risus dapibus augue, vel accumsan tellus nisi eu orci. Mauris lacinia sapien quis libero.'),
(182, 'Aenean sit amet justo.', '2015-08-24 00:00:00', 1, NULL, 43, 'Aliquam quis turpis eget elit sodales scelerisque. Mauris sit amet eros. Suspendisse accumsan tortor quis turpis.'),
(183, 'Mauris lacinia sapien quis libero.', '2016-10-18 00:00:00', 1, NULL, 89, 'Curabitur at ipsum ac tellus semper interdum. Mauris ullamcorper purus sit amet nulla. Quisque arcu libero, rutrum ac, lobortis vel, dapibus at, diam.'),
(184, 'Integer non velit.', '2016-04-20 00:00:00', 1, NULL, 62, 'Etiam vel augue. Vestibulum rutrum rutrum neque. Aenean auctor gravida sem.'),
(185, 'Integer pede justo, lacinia eget, tincidunt eget, tempus vel, pede.', '2015-07-14 00:00:00', 1, NULL, 41, 'Nullam porttitor lacus at turpis. Donec posuere metus vitae ipsum. Aliquam non mauris.'),
(186, 'Quisque ut erat.', '2015-01-29 00:00:00', 1, NULL, NULL, 'Aliquam quis turpis eget elit sodales scelerisque. Mauris sit amet eros. Suspendisse accumsan tortor quis turpis.'),
(187, 'Aenean sit amet justo.', '2016-07-24 00:00:00', 1, NULL, 88, 'Cras non velit nec nisi vulputate nonummy. Maecenas tincidunt lacus at velit. Vivamus vel nulla eget eros elementum pellentesque.'),
(188, 'Nam congue, risus semper porta volutpat, quam pede lobortis ligula, sit amet eleifend pede libero quis orci.', '2015-12-23 00:00:00', 1, NULL, 34, 'Duis consequat dui nec nisi volutpat eleifend. Donec ut dolor. Morbi vel lectus in quam fringilla rhoncus.'),
(189, 'Lorem ipsum dolor sit amet, consectetuer adipiscing elit.', '2016-10-17 00:00:00', 1, NULL, 24, 'Cras mi pede, malesuada in, imperdiet et, commodo vulputate, justo. In blandit ultrices enim. Lorem ipsum dolor sit amet, consectetuer adipiscing elit.'),
(190, 'Integer ac leo.', '2015-09-30 00:00:00', 1, NULL, NULL, 'Aenean lectus. Pellentesque eget nunc. Donec quis orci eget orci vehicula condimentum.'),
(191, 'Nulla facilisi.', '2016-06-23 00:00:00', 1, 1, 86, 'Proin interdum mauris non ligula pellentesque ultrices. Phasellus id sapien in sapien iaculis congue. Vivamus metus arcu, adipiscing molestie, hendrerit at, vulputate vitae, nisl.'),
(192, 'Etiam faucibus cursus urna.', '2016-05-20 00:00:00', 1, NULL, 18, 'Integer ac leo. Pellentesque ultrices mattis odio. Donec vitae nisi.'),
(193, 'Nulla neque libero, convallis eget, eleifend luctus, ultricies eu, nibh.', '2016-09-16 00:00:00', 1, NULL, 38, 'Curabitur at ipsum ac tellus semper interdum. Mauris ullamcorper purus sit amet nulla. Quisque arcu libero, rutrum ac, lobortis vel, dapibus at, diam.'),
(194, 'Fusce posuere felis sed lacus.', '2014-12-12 00:00:00', 1, NULL, NULL, 'Duis aliquam convallis nunc. Proin at turpis a pede posuere nonummy. Integer non velit.'),
(195, 'Pellentesque eget nunc.', '2016-02-07 00:00:00', 1, NULL, 88, 'Phasellus sit amet erat. Nulla tempus. Vivamus in felis eu sapien cursus vestibulum.'),
(196, 'Cum sociis natoque penatibus et magnis dis parturient montes, nascetur ridiculus mus.', '2016-01-21 00:00:00', 1, NULL, 73, 'In hac habitasse platea dictumst. Morbi vestibulum, velit id pretium iaculis, diam erat fermentum justo, nec condimentum neque sapien placerat ante. Nulla justo.'),
(197, 'Cras in purus eu magna vulputate luctus.', '2014-09-24 00:00:00', 1, NULL, 70, 'Proin leo odio, porttitor id, consequat in, consequat ut, nulla. Sed accumsan felis. Ut at dolor quis odio consequat varius.'),
(198, 'Mauris sit amet eros.', '2016-09-06 00:00:00', 1, NULL, NULL, 'Maecenas ut massa quis augue luctus tincidunt. Nulla mollis molestie lorem. Quisque ut erat.'),
(199, 'Pellentesque viverra pede ac diam.', '2015-07-03 00:00:00', 1, NULL, 31, 'Integer ac leo. Pellentesque ultrices mattis odio. Donec vitae nisi.'),
(200, 'Nam ultrices, libero non mattis pulvinar, nulla pede ullamcorper augue, a suscipit nulla elit ac nulla.', '2015-12-13 00:00:00', 1, NULL, 23, 'Duis aliquam convallis nunc. Proin at turpis a pede posuere nonummy. Integer non velit.'),
(201, 'Duis bibendum.', '2014-03-19 00:00:00', 1, NULL, 82, 'Duis consequat dui nec nisi volutpat eleifend. Donec ut dolor. Morbi vel lectus in quam fringilla rhoncus.'),
(202, 'Nullam sit amet turpis elementum ligula vehicula consequat.', '2014-05-14 00:00:00', 1, NULL, 78, 'In hac habitasse platea dictumst. Morbi vestibulum, velit id pretium iaculis, diam erat fermentum justo, nec condimentum neque sapien placerat ante. Nulla justo.'),
(203, 'Suspendisse potenti.', '2014-01-09 00:00:00', 1, NULL, 28, 'Vestibulum quam sapien, varius ut, blandit non, interdum in, ante. Vestibulum ante ipsum primis in faucibus orci luctus et ultrices posuere cubilia Curae; Duis faucibus accumsan odio. Curabitur convallis.'),
(204, 'Vestibulum ante ipsum primis in faucibus orci luctus et ultrices posuere cubilia Curae; Nulla dapibus dolor vel est.', '2016-11-25 00:00:00', 1, 1, NULL, 'Quisque porta volutpat erat. Quisque erat eros, viverra eget, congue eget, semper rutrum, nulla. Nunc purus.'),
(205, 'Maecenas tristique, est et tempus semper, est quam pharetra magna, ac consequat metus sapien ut nunc.', '2016-01-31 00:00:00', 1, NULL, 34, 'Nam ultrices, libero non mattis pulvinar, nulla pede ullamcorper augue, a suscipit nulla elit ac nulla. Sed vel enim sit amet nunc viverra dapibus. Nulla suscipit ligula in lacus.'),
(206, 'Phasellus sit amet erat.', '2016-02-16 00:00:00', 1, NULL, 2, 'Nullam sit amet turpis elementum ligula vehicula consequat. Morbi a ipsum. Integer a nibh.'),
(207, 'Sed sagittis.', '2014-10-21 00:00:00', 1, NULL, NULL, 'Nam ultrices, libero non mattis pulvinar, nulla pede ullamcorper augue, a suscipit nulla elit ac nulla. Sed vel enim sit amet nunc viverra dapibus. Nulla suscipit ligula in lacus.'),
(208, 'Aliquam augue quam, sollicitudin vitae, consectetuer eget, rutrum at, lorem.', '2015-12-24 00:00:00', 1, NULL, NULL, 'Suspendisse potenti. In eleifend quam a odio. In hac habitasse platea dictumst.'),
(209, 'Nulla neque libero, convallis eget, eleifend luctus, ultricies eu, nibh.', '2014-01-07 00:00:00', 1, NULL, 34, 'Maecenas ut massa quis augue luctus tincidunt. Nulla mollis molestie lorem. Quisque ut erat.'),
(210, 'Integer a nibh.', '2015-10-18 00:00:00', 1, NULL, 17, 'In congue. Etiam justo. Etiam pretium iaculis justo.'),
(211, 'Pellentesque ultrices mattis odio.', '2015-07-11 00:00:00', 1, NULL, 82, 'Integer ac leo. Pellentesque ultrices mattis odio. Donec vitae nisi.'),
(212, 'Morbi porttitor lorem id ligula.', '2015-07-22 00:00:00', 1, NULL, NULL, 'Cras non velit nec nisi vulputate nonummy. Maecenas tincidunt lacus at velit. Vivamus vel nulla eget eros elementum pellentesque.'),
(213, 'Mauris sit amet eros.', '2015-09-09 00:00:00', 1, NULL, 86, 'Donec diam neque, vestibulum eget, vulputate ut, ultrices vel, augue. Vestibulum ante ipsum primis in faucibus orci luctus et ultrices posuere cubilia Curae; Donec pharetra, magna vestibulum aliquet ultrices, erat tortor sollicitudin mi, sit amet lobortis sapien sapien non mi. Integer ac neque.'),
(214, 'Maecenas leo odio, condimentum id, luctus nec, molestie sed, justo.', '2016-02-12 00:00:00', 1, NULL, NULL, 'Maecenas ut massa quis augue luctus tincidunt. Nulla mollis molestie lorem. Quisque ut erat.'),
(215, 'Nam ultrices, libero non mattis pulvinar, nulla pede ullamcorper augue, a suscipit nulla elit ac nulla.', '2014-11-09 00:00:00', 1, NULL, 45, 'Sed sagittis. Nam congue, risus semper porta volutpat, quam pede lobortis ligula, sit amet eleifend pede libero quis orci. Nullam molestie nibh in lectus.'),
(216, 'Duis bibendum, felis sed interdum venenatis, turpis enim blandit mi, in porttitor pede justo eu massa.', '2014-02-01 00:00:00', 1, NULL, 27, 'In sagittis dui vel nisl. Duis ac nibh. Fusce lacus purus, aliquet at, feugiat non, pretium quis, lectus.'),
(217, 'Aenean auctor gravida sem.', '2015-10-19 00:00:00', 1, 1, 36, 'Mauris enim leo, rhoncus sed, vestibulum sit amet, cursus id, turpis. Integer aliquet, massa id lobortis convallis, tortor risus dapibus augue, vel accumsan tellus nisi eu orci. Mauris lacinia sapien quis libero.'),
(218, 'Morbi vestibulum, velit id pretium iaculis, diam erat fermentum justo, nec condimentum neque sapien placerat ante.', '2015-12-21 00:00:00', 1, NULL, 65, 'Sed sagittis. Nam congue, risus semper porta volutpat, quam pede lobortis ligula, sit amet eleifend pede libero quis orci. Nullam molestie nibh in lectus.'),
(219, 'Sed ante.', '2015-08-24 00:00:00', 1, NULL, 66, 'Lorem ipsum dolor sit amet, consectetuer adipiscing elit. Proin risus. Praesent lectus.'),
(220, 'Curabitur gravida nisi at nibh.', '2014-08-23 00:00:00', 1, NULL, 69, 'Integer tincidunt ante vel ipsum. Praesent blandit lacinia erat. Vestibulum sed magna at nunc commodo placerat.'),
(221, 'Aenean auctor gravida sem.', '2014-07-15 00:00:00', 1, NULL, NULL, 'Nullam porttitor lacus at turpis. Donec posuere metus vitae ipsum. Aliquam non mauris.'),
(222, 'Nam nulla.', '2014-04-29 00:00:00', 1, NULL, 62, 'Quisque id justo sit amet sapien dignissim vestibulum. Vestibulum ante ipsum primis in faucibus orci luctus et ultrices posuere cubilia Curae; Nulla dapibus dolor vel est. Donec odio justo, sollicitudin ut, suscipit a, feugiat et, eros.'),
(223, 'In eleifend quam a odio.', '2015-05-28 00:00:00', 1, NULL, NULL, 'Quisque id justo sit amet sapien dignissim vestibulum. Vestibulum ante ipsum primis in faucibus orci luctus et ultrices posuere cubilia Curae; Nulla dapibus dolor vel est. Donec odio justo, sollicitudin ut, suscipit a, feugiat et, eros.');
INSERT INTO `news` (`id`, `title`, `create_date_time`, `id_user`, `analytical`, `count_readers`, `text`) VALUES
(224, 'Praesent blandit.', '2016-09-10 00:00:00', 1, NULL, 54, 'Morbi porttitor lorem id ligula. Suspendisse ornare consequat lectus. In est risus, auctor sed, tristique in, tempus sit amet, sem.'),
(225, 'Donec ut dolor.', '2016-02-27 00:00:00', 1, NULL, 93, 'Duis consequat dui nec nisi volutpat eleifend. Donec ut dolor. Morbi vel lectus in quam fringilla rhoncus.'),
(226, 'Lorem ipsum dolor sit amet, consectetuer adipiscing elit.', '2014-10-24 00:00:00', 1, NULL, 65, 'Suspendisse potenti. In eleifend quam a odio. In hac habitasse platea dictumst.'),
(227, 'Fusce congue, diam id ornare imperdiet, sapien urna pretium nisl, ut volutpat sapien arcu sed augue.', '2015-05-17 00:00:00', 1, 1, NULL, 'Duis bibendum. Morbi non quam nec dui luctus rutrum. Nulla tellus.'),
(228, 'Vestibulum rutrum rutrum neque.', '2016-11-05 00:00:00', 1, NULL, 87, 'Praesent id massa id nisl venenatis lacinia. Aenean sit amet justo. Morbi ut odio.'),
(229, 'Maecenas leo odio, condimentum id, luctus nec, molestie sed, justo.', '2016-04-03 00:00:00', 1, NULL, NULL, 'Nullam sit amet turpis elementum ligula vehicula consequat. Morbi a ipsum. Integer a nibh.'),
(230, 'Donec semper sapien a libero.', '2015-12-07 00:00:00', 1, NULL, 33, 'Proin leo odio, porttitor id, consequat in, consequat ut, nulla. Sed accumsan felis. Ut at dolor quis odio consequat varius.'),
(231, 'Quisque arcu libero, rutrum ac, lobortis vel, dapibus at, diam.', '2014-07-17 00:00:00', 1, NULL, 58, 'Quisque id justo sit amet sapien dignissim vestibulum. Vestibulum ante ipsum primis in faucibus orci luctus et ultrices posuere cubilia Curae; Nulla dapibus dolor vel est. Donec odio justo, sollicitudin ut, suscipit a, feugiat et, eros.'),
(232, 'Nulla mollis molestie lorem.', '2015-11-22 00:00:00', 1, NULL, 20, 'Proin interdum mauris non ligula pellentesque ultrices. Phasellus id sapien in sapien iaculis congue. Vivamus metus arcu, adipiscing molestie, hendrerit at, vulputate vitae, nisl.'),
(233, 'Mauris ullamcorper purus sit amet nulla.', '2015-03-24 00:00:00', 1, NULL, 97, 'Maecenas leo odio, condimentum id, luctus nec, molestie sed, justo. Pellentesque viverra pede ac diam. Cras pellentesque volutpat dui.'),
(234, 'In tempor, turpis nec euismod scelerisque, quam turpis adipiscing lorem, vitae mattis nibh ligula nec sem.', '2014-07-20 00:00:00', 1, NULL, NULL, 'Maecenas ut massa quis augue luctus tincidunt. Nulla mollis molestie lorem. Quisque ut erat.'),
(235, 'In hac habitasse platea dictumst.', '2016-09-04 00:00:00', 1, 1, 72, 'Cum sociis natoque penatibus et magnis dis parturient montes, nascetur ridiculus mus. Vivamus vestibulum sagittis sapien. Cum sociis natoque penatibus et magnis dis parturient montes, nascetur ridiculus mus.'),
(236, 'Nam tristique tortor eu pede.', '2014-03-25 00:00:00', 1, NULL, 56, 'Quisque id justo sit amet sapien dignissim vestibulum. Vestibulum ante ipsum primis in faucibus orci luctus et ultrices posuere cubilia Curae; Nulla dapibus dolor vel est. Donec odio justo, sollicitudin ut, suscipit a, feugiat et, eros.'),
(237, 'Aenean fermentum.', '2015-10-18 00:00:00', 1, NULL, 34, 'Proin leo odio, porttitor id, consequat in, consequat ut, nulla. Sed accumsan felis. Ut at dolor quis odio consequat varius.'),
(238, 'Aenean lectus.', '2016-11-30 00:00:00', 1, 1, NULL, 'Duis consequat dui nec nisi volutpat eleifend. Donec ut dolor. Morbi vel lectus in quam fringilla rhoncus.'),
(239, 'Aenean lectus.', '2015-06-04 00:00:00', 1, NULL, 5, 'Fusce posuere felis sed lacus. Morbi sem mauris, laoreet ut, rhoncus aliquet, pulvinar sed, nisl. Nunc rhoncus dui vel sem.'),
(240, 'Duis bibendum.', '2015-10-14 00:00:00', 1, NULL, 40, 'Nulla ut erat id mauris vulputate elementum. Nullam varius. Nulla facilisi.'),
(241, 'Nulla tellus.', '2016-09-21 00:00:00', 1, NULL, 44, 'Fusce consequat. Nulla nisl. Nunc nisl.'),
(242, 'Vestibulum ac est lacinia nisi venenatis tristique.', '2014-08-17 00:00:00', 1, 1, 33, 'Curabitur at ipsum ac tellus semper interdum. Mauris ullamcorper purus sit amet nulla. Quisque arcu libero, rutrum ac, lobortis vel, dapibus at, diam.'),
(243, 'Duis mattis egestas metus.', '2015-09-28 00:00:00', 1, NULL, 8, 'Aenean fermentum. Donec ut mauris eget massa tempor convallis. Nulla neque libero, convallis eget, eleifend luctus, ultricies eu, nibh.'),
(244, 'In eleifend quam a odio.', '2016-11-07 00:00:00', 1, NULL, 17, 'Nullam porttitor lacus at turpis. Donec posuere metus vitae ipsum. Aliquam non mauris.'),
(245, 'Etiam faucibus cursus urna.', '2015-08-03 00:00:00', 1, NULL, 7, 'Sed sagittis. Nam congue, risus semper porta volutpat, quam pede lobortis ligula, sit amet eleifend pede libero quis orci. Nullam molestie nibh in lectus.'),
(246, 'Nulla nisl.', '2016-11-14 00:00:00', 1, NULL, 59, 'Sed sagittis. Nam congue, risus semper porta volutpat, quam pede lobortis ligula, sit amet eleifend pede libero quis orci. Nullam molestie nibh in lectus.'),
(247, 'Donec vitae nisi.', '2015-10-25 00:00:00', 1, 1, 5, 'Sed sagittis. Nam congue, risus semper porta volutpat, quam pede lobortis ligula, sit amet eleifend pede libero quis orci. Nullam molestie nibh in lectus.'),
(248, 'Integer non velit.', '2015-12-14 00:00:00', 1, NULL, 42, 'Integer ac leo. Pellentesque ultrices mattis odio. Donec vitae nisi.'),
(249, 'Sed vel enim sit amet nunc viverra dapibus.', '2016-10-12 00:00:00', 1, NULL, NULL, 'Maecenas leo odio, condimentum id, luctus nec, molestie sed, justo. Pellentesque viverra pede ac diam. Cras pellentesque volutpat dui.'),
(250, 'Integer ac leo.', '2015-12-25 00:00:00', 1, NULL, 70, 'Aenean fermentum. Donec ut mauris eget massa tempor convallis. Nulla neque libero, convallis eget, eleifend luctus, ultricies eu, nibh.'),
(251, 'Integer pede justo, lacinia eget, tincidunt eget, tempus vel, pede.', '2015-04-22 00:00:00', 1, 1, NULL, 'Vestibulum ac est lacinia nisi venenatis tristique. Fusce congue, diam id ornare imperdiet, sapien urna pretium nisl, ut volutpat sapien arcu sed augue. Aliquam erat volutpat.'),
(252, 'Duis ac nibh.', '2015-06-28 00:00:00', 1, NULL, 96, 'Proin eu mi. Nulla ac enim. In tempor, turpis nec euismod scelerisque, quam turpis adipiscing lorem, vitae mattis nibh ligula nec sem.'),
(253, 'Quisque erat eros, viverra eget, congue eget, semper rutrum, nulla.', '2016-05-05 00:00:00', 1, 1, 92, 'Sed sagittis. Nam congue, risus semper porta volutpat, quam pede lobortis ligula, sit amet eleifend pede libero quis orci. Nullam molestie nibh in lectus.'),
(254, 'Morbi odio odio, elementum eu, interdum eu, tincidunt in, leo.', '2014-09-07 00:00:00', 1, NULL, NULL, 'Praesent blandit. Nam nulla. Integer pede justo, lacinia eget, tincidunt eget, tempus vel, pede.'),
(255, 'Vivamus in felis eu sapien cursus vestibulum.', '2016-05-05 00:00:00', 1, NULL, 97, 'Proin eu mi. Nulla ac enim. In tempor, turpis nec euismod scelerisque, quam turpis adipiscing lorem, vitae mattis nibh ligula nec sem.'),
(256, 'Nullam molestie nibh in lectus.', '2016-05-23 00:00:00', 1, NULL, NULL, 'Duis bibendum. Morbi non quam nec dui luctus rutrum. Nulla tellus.'),
(257, 'Nullam sit amet turpis elementum ligula vehicula consequat.', '2016-05-26 00:00:00', 1, NULL, 93, 'Nullam porttitor lacus at turpis. Donec posuere metus vitae ipsum. Aliquam non mauris.'),
(258, 'Nullam sit amet turpis elementum ligula vehicula consequat.', '2016-08-07 00:00:00', 1, NULL, NULL, 'In hac habitasse platea dictumst. Etiam faucibus cursus urna. Ut tellus.'),
(259, 'Aenean auctor gravida sem.', '2015-10-02 00:00:00', 1, NULL, 61, 'In hac habitasse platea dictumst. Etiam faucibus cursus urna. Ut tellus.'),
(260, 'Donec odio justo, sollicitudin ut, suscipit a, feugiat et, eros.', '2014-09-25 00:00:00', 1, NULL, 42, 'Nulla ut erat id mauris vulputate elementum. Nullam varius. Nulla facilisi.'),
(261, 'Donec diam neque, vestibulum eget, vulputate ut, ultrices vel, augue.', '2014-12-16 00:00:00', 1, NULL, 41, 'In hac habitasse platea dictumst. Etiam faucibus cursus urna. Ut tellus.'),
(262, 'Aenean sit amet justo.', '2016-11-21 00:00:00', 1, NULL, 80, 'Aliquam quis turpis eget elit sodales scelerisque. Mauris sit amet eros. Suspendisse accumsan tortor quis turpis.'),
(263, 'In sagittis dui vel nisl.', '2016-09-07 00:00:00', 1, NULL, 57, 'Pellentesque at nulla. Suspendisse potenti. Cras in purus eu magna vulputate luctus.'),
(264, 'Nulla ut erat id mauris vulputate elementum.', '2015-01-23 00:00:00', 1, 1, NULL, 'Vestibulum quam sapien, varius ut, blandit non, interdum in, ante. Vestibulum ante ipsum primis in faucibus orci luctus et ultrices posuere cubilia Curae; Duis faucibus accumsan odio. Curabitur convallis.'),
(265, 'Vivamus vel nulla eget eros elementum pellentesque.', '2015-12-24 00:00:00', 1, NULL, 48, 'Maecenas ut massa quis augue luctus tincidunt. Nulla mollis molestie lorem. Quisque ut erat.'),
(266, 'Etiam vel augue.', '2014-06-26 00:00:00', 1, NULL, 18, 'Quisque porta volutpat erat. Quisque erat eros, viverra eget, congue eget, semper rutrum, nulla. Nunc purus.'),
(267, 'Sed sagittis.', '2016-10-24 00:00:00', 1, NULL, NULL, 'In sagittis dui vel nisl. Duis ac nibh. Fusce lacus purus, aliquet at, feugiat non, pretium quis, lectus.'),
(268, 'Maecenas leo odio, condimentum id, luctus nec, molestie sed, justo.', '2014-09-13 00:00:00', 1, NULL, 21, 'Duis bibendum. Morbi non quam nec dui luctus rutrum. Nulla tellus.'),
(269, 'Curabitur at ipsum ac tellus semper interdum.', '2015-12-11 00:00:00', 1, NULL, 38, 'Proin leo odio, porttitor id, consequat in, consequat ut, nulla. Sed accumsan felis. Ut at dolor quis odio consequat varius.'),
(270, 'Donec semper sapien a libero.', '2015-08-20 00:00:00', 1, 1, NULL, 'Duis bibendum. Morbi non quam nec dui luctus rutrum. Nulla tellus.'),
(271, 'Integer pede justo, lacinia eget, tincidunt eget, tempus vel, pede.', '2015-08-09 00:00:00', 1, NULL, 78, 'Duis aliquam convallis nunc. Proin at turpis a pede posuere nonummy. Integer non velit.'),
(272, 'Vestibulum rutrum rutrum neque.', '2016-06-03 00:00:00', 1, NULL, 75, 'Phasellus sit amet erat. Nulla tempus. Vivamus in felis eu sapien cursus vestibulum.'),
(273, 'In quis justo.', '2016-07-05 00:00:00', 1, NULL, 86, 'Proin eu mi. Nulla ac enim. In tempor, turpis nec euismod scelerisque, quam turpis adipiscing lorem, vitae mattis nibh ligula nec sem.'),
(274, 'In congue.', '2016-08-02 00:00:00', 1, NULL, 45, 'Duis bibendum, felis sed interdum venenatis, turpis enim blandit mi, in porttitor pede justo eu massa. Donec dapibus. Duis at velit eu est congue elementum.'),
(275, 'Etiam vel augue.', '2016-05-12 00:00:00', 1, NULL, 30, 'Vestibulum ac est lacinia nisi venenatis tristique. Fusce congue, diam id ornare imperdiet, sapien urna pretium nisl, ut volutpat sapien arcu sed augue. Aliquam erat volutpat.'),
(276, 'Duis mattis egestas metus.', '2015-12-30 00:00:00', 1, NULL, 26, 'Cum sociis natoque penatibus et magnis dis parturient montes, nascetur ridiculus mus. Vivamus vestibulum sagittis sapien. Cum sociis natoque penatibus et magnis dis parturient montes, nascetur ridiculus mus.'),
(277, 'Nulla tellus.', '2015-10-20 00:00:00', 1, NULL, NULL, 'Pellentesque at nulla. Suspendisse potenti. Cras in purus eu magna vulputate luctus.'),
(278, 'Praesent blandit lacinia erat.', '2016-02-15 00:00:00', 1, NULL, 8, 'Integer ac leo. Pellentesque ultrices mattis odio. Donec vitae nisi.'),
(279, 'Etiam vel augue.', '2016-06-18 00:00:00', 1, NULL, NULL, 'Fusce consequat. Nulla nisl. Nunc nisl.'),
(280, 'Pellentesque eget nunc.', '2014-07-09 00:00:00', 1, NULL, 87, 'Duis aliquam convallis nunc. Proin at turpis a pede posuere nonummy. Integer non velit.'),
(281, 'Sed ante.', '2015-06-26 00:00:00', 1, NULL, 81, 'Nulla ut erat id mauris vulputate elementum. Nullam varius. Nulla facilisi.'),
(282, 'Sed vel enim sit amet nunc viverra dapibus.', '2015-01-09 00:00:00', 1, NULL, 55, 'Maecenas leo odio, condimentum id, luctus nec, molestie sed, justo. Pellentesque viverra pede ac diam. Cras pellentesque volutpat dui.'),
(283, 'Curabitur convallis.', '2015-02-14 00:00:00', 1, NULL, 67, 'Sed ante. Vivamus tortor. Duis mattis egestas metus.'),
(284, 'Praesent lectus.', '2014-07-28 00:00:00', 1, NULL, 84, 'Duis bibendum. Morbi non quam nec dui luctus rutrum. Nulla tellus.'),
(285, 'Cras pellentesque volutpat dui.', '2016-05-09 00:00:00', 1, 1, 62, 'Maecenas leo odio, condimentum id, luctus nec, molestie sed, justo. Pellentesque viverra pede ac diam. Cras pellentesque volutpat dui.'),
(286, 'Proin risus.', '2015-04-25 00:00:00', 1, NULL, 15, 'Vestibulum ac est lacinia nisi venenatis tristique. Fusce congue, diam id ornare imperdiet, sapien urna pretium nisl, ut volutpat sapien arcu sed augue. Aliquam erat volutpat.'),
(287, 'Aliquam quis turpis eget elit sodales scelerisque.', '2016-11-02 00:00:00', 1, NULL, NULL, 'In hac habitasse platea dictumst. Morbi vestibulum, velit id pretium iaculis, diam erat fermentum justo, nec condimentum neque sapien placerat ante. Nulla justo.'),
(288, 'Praesent id massa id nisl venenatis lacinia.', '2016-01-06 00:00:00', 1, NULL, 51, 'Sed sagittis. Nam congue, risus semper porta volutpat, quam pede lobortis ligula, sit amet eleifend pede libero quis orci. Nullam molestie nibh in lectus.'),
(289, 'Proin leo odio, porttitor id, consequat in, consequat ut, nulla.', '2016-11-22 00:00:00', 1, NULL, NULL, 'Phasellus sit amet erat. Nulla tempus. Vivamus in felis eu sapien cursus vestibulum.'),
(290, 'Aliquam erat volutpat.', '2015-01-20 00:00:00', 1, 1, NULL, 'In quis justo. Maecenas rhoncus aliquam lacus. Morbi quis tortor id nulla ultrices aliquet.'),
(291, 'Phasellus in felis.', '2016-08-20 00:00:00', 1, NULL, 65, 'Morbi non lectus. Aliquam sit amet diam in magna bibendum imperdiet. Nullam orci pede, venenatis non, sodales sed, tincidunt eu, felis.'),
(292, 'Nam ultrices, libero non mattis pulvinar, nulla pede ullamcorper augue, a suscipit nulla elit ac nulla.', '2015-06-25 00:00:00', 1, NULL, 68, 'Donec diam neque, vestibulum eget, vulputate ut, ultrices vel, augue. Vestibulum ante ipsum primis in faucibus orci luctus et ultrices posuere cubilia Curae; Donec pharetra, magna vestibulum aliquet ultrices, erat tortor sollicitudin mi, sit amet lobortis sapien sapien non mi. Integer ac neque.'),
(293, 'Vestibulum ante ipsum primis in faucibus orci luctus et ultrices posuere cubilia Curae; Mauris viverra diam vitae quam.', '2016-01-08 00:00:00', 1, NULL, NULL, 'Duis bibendum, felis sed interdum venenatis, turpis enim blandit mi, in porttitor pede justo eu massa. Donec dapibus. Duis at velit eu est congue elementum.'),
(294, 'In hac habitasse platea dictumst.', '2015-06-01 00:00:00', 1, NULL, 95, 'In quis justo. Maecenas rhoncus aliquam lacus. Morbi quis tortor id nulla ultrices aliquet.'),
(295, 'Nam dui.', '2016-10-01 00:00:00', 1, NULL, 3, 'Etiam vel augue. Vestibulum rutrum rutrum neque. Aenean auctor gravida sem.'),
(296, 'Etiam faucibus cursus urna.', '2015-05-31 00:00:00', 1, NULL, NULL, 'Proin leo odio, porttitor id, consequat in, consequat ut, nulla. Sed accumsan felis. Ut at dolor quis odio consequat varius.'),
(297, 'Praesent id massa id nisl venenatis lacinia.', '2016-08-23 00:00:00', 1, NULL, 43, 'Praesent id massa id nisl venenatis lacinia. Aenean sit amet justo. Morbi ut odio.'),
(298, 'Donec dapibus.', '2014-12-18 00:00:00', 1, NULL, NULL, 'Integer tincidunt ante vel ipsum. Praesent blandit lacinia erat. Vestibulum sed magna at nunc commodo placerat.'),
(299, 'Mauris ullamcorper purus sit amet nulla.', '2015-04-16 00:00:00', 1, NULL, NULL, 'Etiam vel augue. Vestibulum rutrum rutrum neque. Aenean auctor gravida sem.'),
(300, 'Vivamus tortor.', '2016-01-30 00:00:00', 1, 1, 92, 'Quisque porta volutpat erat. Quisque erat eros, viverra eget, congue eget, semper rutrum, nulla. Nunc purus.'),
(301, 'Morbi odio odio, elementum eu, interdum eu, tincidunt in, leo.', '2014-08-26 00:00:00', 1, 1, NULL, 'Nam ultrices, libero non mattis pulvinar, nulla pede ullamcorper augue, a suscipit nulla elit ac nulla. Sed vel enim sit amet nunc viverra dapibus. Nulla suscipit ligula in lacus.'),
(302, 'Vestibulum ante ipsum primis in faucibus orci luctus et ultrices posuere cubilia Curae; Duis faucibus accumsan odio.', '2015-02-16 00:00:00', 1, NULL, 59, 'Cras mi pede, malesuada in, imperdiet et, commodo vulputate, justo. In blandit ultrices enim. Lorem ipsum dolor sit amet, consectetuer adipiscing elit.'),
(303, 'Nulla nisl.', '2016-03-10 00:00:00', 1, NULL, 44, 'Donec diam neque, vestibulum eget, vulputate ut, ultrices vel, augue. Vestibulum ante ipsum primis in faucibus orci luctus et ultrices posuere cubilia Curae; Donec pharetra, magna vestibulum aliquet ultrices, erat tortor sollicitudin mi, sit amet lobortis sapien sapien non mi. Integer ac neque.'),
(304, 'Donec vitae nisi.', '2015-03-07 00:00:00', 1, NULL, 39, 'Lorem ipsum dolor sit amet, consectetuer adipiscing elit. Proin risus. Praesent lectus.'),
(305, 'Cum sociis natoque penatibus et magnis dis parturient montes, nascetur ridiculus mus.', '2016-11-13 00:00:00', 1, NULL, 32, 'Proin interdum mauris non ligula pellentesque ultrices. Phasellus id sapien in sapien iaculis congue. Vivamus metus arcu, adipiscing molestie, hendrerit at, vulputate vitae, nisl.'),
(306, 'Donec dapibus.', '2015-10-03 00:00:00', 1, NULL, 36, 'Curabitur at ipsum ac tellus semper interdum. Mauris ullamcorper purus sit amet nulla. Quisque arcu libero, rutrum ac, lobortis vel, dapibus at, diam.'),
(307, 'Donec vitae nisi.', '2016-11-16 00:00:00', 1, NULL, 9, 'Cum sociis natoque penatibus et magnis dis parturient montes, nascetur ridiculus mus. Vivamus vestibulum sagittis sapien. Cum sociis natoque penatibus et magnis dis parturient montes, nascetur ridiculus mus.'),
(308, 'Cum sociis natoque penatibus et magnis dis parturient montes, nascetur ridiculus mus.', '2015-08-07 00:00:00', 1, NULL, 92, 'Phasellus sit amet erat. Nulla tempus. Vivamus in felis eu sapien cursus vestibulum.'),
(309, 'Vestibulum ac est lacinia nisi venenatis tristique.', '2014-09-24 00:00:00', 1, NULL, 22, 'Proin leo odio, porttitor id, consequat in, consequat ut, nulla. Sed accumsan felis. Ut at dolor quis odio consequat varius.'),
(310, 'Nulla ut erat id mauris vulputate elementum.', '2015-11-25 00:00:00', 1, NULL, NULL, 'In quis justo. Maecenas rhoncus aliquam lacus. Morbi quis tortor id nulla ultrices aliquet.'),
(311, 'Etiam pretium iaculis justo.', '2015-10-21 00:00:00', 1, 1, 1, 'Nulla ut erat id mauris vulputate elementum. Nullam varius. Nulla facilisi.'),
(312, 'Praesent blandit lacinia erat.', '2015-04-20 00:00:00', 1, NULL, 54, 'Nullam sit amet turpis elementum ligula vehicula consequat. Morbi a ipsum. Integer a nibh.'),
(313, 'Sed vel enim sit amet nunc viverra dapibus.', '2016-01-12 00:00:00', 1, 1, 74, 'Praesent blandit. Nam nulla. Integer pede justo, lacinia eget, tincidunt eget, tempus vel, pede.'),
(314, 'Sed ante.', '2014-05-13 00:00:00', 1, NULL, 38, 'In sagittis dui vel nisl. Duis ac nibh. Fusce lacus purus, aliquet at, feugiat non, pretium quis, lectus.'),
(315, 'Fusce congue, diam id ornare imperdiet, sapien urna pretium nisl, ut volutpat sapien arcu sed augue.', '2015-10-12 00:00:00', 1, NULL, 36, 'Nullam porttitor lacus at turpis. Donec posuere metus vitae ipsum. Aliquam non mauris.'),
(316, 'Aenean fermentum.', '2014-10-25 00:00:00', 1, NULL, NULL, 'Phasellus in felis. Donec semper sapien a libero. Nam dui.'),
(317, 'In est risus, auctor sed, tristique in, tempus sit amet, sem.', '2015-04-17 00:00:00', 1, NULL, NULL, 'In congue. Etiam justo. Etiam pretium iaculis justo.'),
(318, 'In quis justo.', '2014-11-05 00:00:00', 1, NULL, 83, 'Maecenas tristique, est et tempus semper, est quam pharetra magna, ac consequat metus sapien ut nunc. Vestibulum ante ipsum primis in faucibus orci luctus et ultrices posuere cubilia Curae; Mauris viverra diam vitae quam. Suspendisse potenti.'),
(319, 'In quis justo.', '2014-06-20 00:00:00', 1, NULL, 61, 'Vestibulum quam sapien, varius ut, blandit non, interdum in, ante. Vestibulum ante ipsum primis in faucibus orci luctus et ultrices posuere cubilia Curae; Duis faucibus accumsan odio. Curabitur convallis.'),
(320, 'Aliquam augue quam, sollicitudin vitae, consectetuer eget, rutrum at, lorem.', '2016-01-26 00:00:00', 1, 1, 54, 'In hac habitasse platea dictumst. Etiam faucibus cursus urna. Ut tellus.'),
(321, 'Nunc rhoncus dui vel sem.', '2016-04-24 00:00:00', 1, NULL, NULL, 'Aenean lectus. Pellentesque eget nunc. Donec quis orci eget orci vehicula condimentum.'),
(322, 'Nam congue, risus semper porta volutpat, quam pede lobortis ligula, sit amet eleifend pede libero quis orci.', '2015-07-24 00:00:00', 1, NULL, 5, 'Praesent id massa id nisl venenatis lacinia. Aenean sit amet justo. Morbi ut odio.'),
(323, 'Ut at dolor quis odio consequat varius.', '2016-09-01 00:00:00', 1, 1, 77, 'Morbi non lectus. Aliquam sit amet diam in magna bibendum imperdiet. Nullam orci pede, venenatis non, sodales sed, tincidunt eu, felis.'),
(324, 'Nulla ut erat id mauris vulputate elementum.', '2014-07-13 00:00:00', 1, NULL, 28, 'Morbi porttitor lorem id ligula. Suspendisse ornare consequat lectus. In est risus, auctor sed, tristique in, tempus sit amet, sem.'),
(325, 'Sed sagittis.', '2016-04-02 00:00:00', 1, NULL, NULL, 'Mauris enim leo, rhoncus sed, vestibulum sit amet, cursus id, turpis. Integer aliquet, massa id lobortis convallis, tortor risus dapibus augue, vel accumsan tellus nisi eu orci. Mauris lacinia sapien quis libero.'),
(326, 'Morbi ut odio.', '2014-01-06 00:00:00', 1, NULL, 48, 'In hac habitasse platea dictumst. Etiam faucibus cursus urna. Ut tellus.'),
(327, 'Mauris sit amet eros.', '2015-12-04 00:00:00', 1, NULL, NULL, 'Phasellus in felis. Donec semper sapien a libero. Nam dui.'),
(328, 'Donec ut mauris eget massa tempor convallis.', '2015-02-02 00:00:00', 1, NULL, NULL, 'Duis aliquam convallis nunc. Proin at turpis a pede posuere nonummy. Integer non velit.'),
(329, 'Ut at dolor quis odio consequat varius.', '2015-10-27 00:00:00', 1, 1, NULL, 'Sed ante. Vivamus tortor. Duis mattis egestas metus.'),
(330, 'Nulla suscipit ligula in lacus.', '2015-03-06 00:00:00', 1, NULL, 95, 'In quis justo. Maecenas rhoncus aliquam lacus. Morbi quis tortor id nulla ultrices aliquet.'),
(331, 'Maecenas leo odio, condimentum id, luctus nec, molestie sed, justo.', '2015-03-07 00:00:00', 1, NULL, 32, 'Suspendisse potenti. In eleifend quam a odio. In hac habitasse platea dictumst.'),
(332, 'Donec ut mauris eget massa tempor convallis.', '2015-10-05 00:00:00', 1, NULL, 97, 'Cras non velit nec nisi vulputate nonummy. Maecenas tincidunt lacus at velit. Vivamus vel nulla eget eros elementum pellentesque.'),
(333, 'Nulla ac enim.', '2015-04-23 00:00:00', 1, 1, 2, 'Integer ac leo. Pellentesque ultrices mattis odio. Donec vitae nisi.'),
(334, 'Donec ut mauris eget massa tempor convallis.', '2016-02-08 00:00:00', 1, NULL, 9, 'Fusce posuere felis sed lacus. Morbi sem mauris, laoreet ut, rhoncus aliquet, pulvinar sed, nisl. Nunc rhoncus dui vel sem.'),
(335, 'Nulla facilisi.', '2016-12-12 00:00:00', 1, NULL, 96, 'Cum sociis natoque penatibus et magnis dis parturient montes, nascetur ridiculus mus. Vivamus vestibulum sagittis sapien. Cum sociis natoque penatibus et magnis dis parturient montes, nascetur ridiculus mus.'),
(336, 'Donec posuere metus vitae ipsum.', '2016-02-18 00:00:00', 1, NULL, 29, 'Duis bibendum. Morbi non quam nec dui luctus rutrum. Nulla tellus.'),
(337, 'Etiam justo.', '2014-10-01 00:00:00', 1, NULL, NULL, 'Etiam vel augue. Vestibulum rutrum rutrum neque. Aenean auctor gravida sem.'),
(338, 'Aenean lectus.', '2015-09-07 00:00:00', 1, NULL, 59, 'Aenean lectus. Pellentesque eget nunc. Donec quis orci eget orci vehicula condimentum.'),
(339, 'Nunc nisl.', '2016-06-13 00:00:00', 1, NULL, NULL, 'Etiam vel augue. Vestibulum rutrum rutrum neque. Aenean auctor gravida sem.'),
(340, 'In quis justo.', '2016-04-13 00:00:00', 1, 1, NULL, 'Integer tincidunt ante vel ipsum. Praesent blandit lacinia erat. Vestibulum sed magna at nunc commodo placerat.'),
(341, 'Nulla tellus.', '2014-06-20 00:00:00', 1, 1, 15, 'In quis justo. Maecenas rhoncus aliquam lacus. Morbi quis tortor id nulla ultrices aliquet.'),
(342, 'In hac habitasse platea dictumst.', '2015-06-12 00:00:00', 1, 1, 42, 'Pellentesque at nulla. Suspendisse potenti. Cras in purus eu magna vulputate luctus.'),
(343, 'Integer a nibh.', '2015-02-24 00:00:00', 1, 1, 63, 'Nullam porttitor lacus at turpis. Donec posuere metus vitae ipsum. Aliquam non mauris.'),
(344, 'Curabitur gravida nisi at nibh.', '2015-11-20 00:00:00', 1, NULL, 24, 'Donec diam neque, vestibulum eget, vulputate ut, ultrices vel, augue. Vestibulum ante ipsum primis in faucibus orci luctus et ultrices posuere cubilia Curae; Donec pharetra, magna vestibulum aliquet ultrices, erat tortor sollicitudin mi, sit amet lobortis sapien sapien non mi. Integer ac neque.'),
(345, 'Nullam varius.', '2015-12-11 00:00:00', 1, NULL, NULL, 'Fusce consequat. Nulla nisl. Nunc nisl.'),
(346, 'Donec odio justo, sollicitudin ut, suscipit a, feugiat et, eros.', '2016-08-26 00:00:00', 1, 1, NULL, 'Nullam porttitor lacus at turpis. Donec posuere metus vitae ipsum. Aliquam non mauris.'),
(347, 'Donec vitae nisi.', '2016-02-02 00:00:00', 1, NULL, 30, 'Nullam porttitor lacus at turpis. Donec posuere metus vitae ipsum. Aliquam non mauris.'),
(348, 'Integer non velit.', '2016-11-02 00:00:00', 1, NULL, NULL, 'Integer tincidunt ante vel ipsum. Praesent blandit lacinia erat. Vestibulum sed magna at nunc commodo placerat.'),
(349, 'Ut at dolor quis odio consequat varius.', '2015-07-01 00:00:00', 1, 1, 16, 'Cras non velit nec nisi vulputate nonummy. Maecenas tincidunt lacus at velit. Vivamus vel nulla eget eros elementum pellentesque.'),
(350, 'Nullam porttitor lacus at turpis.', '2016-08-04 00:00:00', 1, NULL, NULL, 'Fusce posuere felis sed lacus. Morbi sem mauris, laoreet ut, rhoncus aliquet, pulvinar sed, nisl. Nunc rhoncus dui vel sem.'),
(351, 'Donec quis orci eget orci vehicula condimentum.', '2015-03-02 00:00:00', 1, NULL, NULL, 'Cras mi pede, malesuada in, imperdiet et, commodo vulputate, justo. In blandit ultrices enim. Lorem ipsum dolor sit amet, consectetuer adipiscing elit.'),
(352, 'Vivamus in felis eu sapien cursus vestibulum.', '2014-01-13 00:00:00', 1, 1, NULL, 'Praesent blandit. Nam nulla. Integer pede justo, lacinia eget, tincidunt eget, tempus vel, pede.'),
(353, 'Etiam faucibus cursus urna.', '2016-03-08 00:00:00', 1, NULL, NULL, 'Phasellus sit amet erat. Nulla tempus. Vivamus in felis eu sapien cursus vestibulum.'),
(354, 'Aliquam quis turpis eget elit sodales scelerisque.', '2015-02-06 00:00:00', 1, NULL, 60, 'Aenean fermentum. Donec ut mauris eget massa tempor convallis. Nulla neque libero, convallis eget, eleifend luctus, ultricies eu, nibh.'),
(355, 'Curabitur in libero ut massa volutpat convallis.', '2015-03-06 00:00:00', 1, 1, NULL, 'Maecenas tristique, est et tempus semper, est quam pharetra magna, ac consequat metus sapien ut nunc. Vestibulum ante ipsum primis in faucibus orci luctus et ultrices posuere cubilia Curae; Mauris viverra diam vitae quam. Suspendisse potenti.'),
(356, 'Lorem ipsum dolor sit amet, consectetuer adipiscing elit.', '2016-06-05 00:00:00', 1, NULL, 58, 'Proin leo odio, porttitor id, consequat in, consequat ut, nulla. Sed accumsan felis. Ut at dolor quis odio consequat varius.'),
(357, 'Vivamus vel nulla eget eros elementum pellentesque.', '2016-10-23 00:00:00', 1, NULL, 68, 'Phasellus in felis. Donec semper sapien a libero. Nam dui.'),
(358, 'Nulla facilisi.', '2015-10-31 00:00:00', 1, NULL, 96, 'In congue. Etiam justo. Etiam pretium iaculis justo.'),
(359, 'Donec vitae nisi.', '2016-05-08 00:00:00', 1, NULL, 99, 'Proin eu mi. Nulla ac enim. In tempor, turpis nec euismod scelerisque, quam turpis adipiscing lorem, vitae mattis nibh ligula nec sem.'),
(360, 'Nulla mollis molestie lorem.', '2015-10-04 00:00:00', 1, 1, 78, 'In quis justo. Maecenas rhoncus aliquam lacus. Morbi quis tortor id nulla ultrices aliquet.'),
(361, 'Sed ante.', '2014-07-26 00:00:00', 1, NULL, 48, 'Vestibulum quam sapien, varius ut, blandit non, interdum in, ante. Vestibulum ante ipsum primis in faucibus orci luctus et ultrices posuere cubilia Curae; Duis faucibus accumsan odio. Curabitur convallis.'),
(362, 'Morbi vel lectus in quam fringilla rhoncus.', '2014-09-16 00:00:00', 1, NULL, 13, 'Curabitur gravida nisi at nibh. In hac habitasse platea dictumst. Aliquam augue quam, sollicitudin vitae, consectetuer eget, rutrum at, lorem.'),
(363, 'Duis mattis egestas metus.', '2014-05-30 00:00:00', 1, NULL, 65, 'Quisque id justo sit amet sapien dignissim vestibulum. Vestibulum ante ipsum primis in faucibus orci luctus et ultrices posuere cubilia Curae; Nulla dapibus dolor vel est. Donec odio justo, sollicitudin ut, suscipit a, feugiat et, eros.'),
(364, 'Proin interdum mauris non ligula pellentesque ultrices.', '2016-04-01 00:00:00', 1, NULL, 80, 'Etiam vel augue. Vestibulum rutrum rutrum neque. Aenean auctor gravida sem.'),
(365, 'Mauris enim leo, rhoncus sed, vestibulum sit amet, cursus id, turpis.', '2014-04-30 00:00:00', 1, NULL, 98, 'Proin interdum mauris non ligula pellentesque ultrices. Phasellus id sapien in sapien iaculis congue. Vivamus metus arcu, adipiscing molestie, hendrerit at, vulputate vitae, nisl.'),
(366, 'Nulla tempus.', '2015-11-23 00:00:00', 1, NULL, 65, 'Duis bibendum, felis sed interdum venenatis, turpis enim blandit mi, in porttitor pede justo eu massa. Donec dapibus. Duis at velit eu est congue elementum.'),
(367, 'Quisque id justo sit amet sapien dignissim vestibulum.', '2014-09-17 00:00:00', 1, NULL, 95, 'Cras non velit nec nisi vulputate nonummy. Maecenas tincidunt lacus at velit. Vivamus vel nulla eget eros elementum pellentesque.'),
(368, 'Pellentesque eget nunc.', '2014-12-15 00:00:00', 1, 1, 61, 'Phasellus in felis. Donec semper sapien a libero. Nam dui.'),
(369, 'Duis aliquam convallis nunc.', '2016-09-02 00:00:00', 1, NULL, NULL, 'Etiam vel augue. Vestibulum rutrum rutrum neque. Aenean auctor gravida sem.'),
(370, 'Sed sagittis.', '2015-04-25 00:00:00', 1, 1, 14, 'Vestibulum ac est lacinia nisi venenatis tristique. Fusce congue, diam id ornare imperdiet, sapien urna pretium nisl, ut volutpat sapien arcu sed augue. Aliquam erat volutpat.'),
(371, 'Duis aliquam convallis nunc.', '2015-05-08 00:00:00', 1, NULL, 75, 'Nullam sit amet turpis elementum ligula vehicula consequat. Morbi a ipsum. Integer a nibh.'),
(372, 'Nullam sit amet turpis elementum ligula vehicula consequat.', '2015-06-22 00:00:00', 1, NULL, 84, 'Quisque porta volutpat erat. Quisque erat eros, viverra eget, congue eget, semper rutrum, nulla. Nunc purus.'),
(373, 'In quis justo.', '2015-01-25 00:00:00', 1, NULL, 21, 'Fusce consequat. Nulla nisl. Nunc nisl.'),
(374, 'Morbi non quam nec dui luctus rutrum.', '2014-03-28 00:00:00', 1, NULL, NULL, 'Integer tincidunt ante vel ipsum. Praesent blandit lacinia erat. Vestibulum sed magna at nunc commodo placerat.'),
(375, 'Morbi odio odio, elementum eu, interdum eu, tincidunt in, leo.', '2015-08-21 00:00:00', 1, NULL, 18, 'Pellentesque at nulla. Suspendisse potenti. Cras in purus eu magna vulputate luctus.'),
(376, 'Pellentesque at nulla.', '2016-11-10 00:00:00', 1, NULL, 50, 'Aliquam quis turpis eget elit sodales scelerisque. Mauris sit amet eros. Suspendisse accumsan tortor quis turpis.'),
(377, 'Fusce congue, diam id ornare imperdiet, sapien urna pretium nisl, ut volutpat sapien arcu sed augue.', '2016-09-23 00:00:00', 1, NULL, NULL, 'Duis consequat dui nec nisi volutpat eleifend. Donec ut dolor. Morbi vel lectus in quam fringilla rhoncus.'),
(378, 'Praesent lectus.', '2015-04-19 00:00:00', 1, NULL, 45, 'In hac habitasse platea dictumst. Morbi vestibulum, velit id pretium iaculis, diam erat fermentum justo, nec condimentum neque sapien placerat ante. Nulla justo.'),
(379, 'Vestibulum ante ipsum primis in faucibus orci luctus et ultrices posuere cubilia Curae; Duis faucibus accumsan odio.', '2015-09-20 00:00:00', 1, NULL, 9, 'Aenean fermentum. Donec ut mauris eget massa tempor convallis. Nulla neque libero, convallis eget, eleifend luctus, ultricies eu, nibh.'),
(380, 'In eleifend quam a odio.', '2014-05-29 00:00:00', 1, NULL, 39, 'Proin leo odio, porttitor id, consequat in, consequat ut, nulla. Sed accumsan felis. Ut at dolor quis odio consequat varius.'),
(381, 'Aenean sit amet justo.', '2015-04-26 00:00:00', 1, NULL, 76, 'Cras non velit nec nisi vulputate nonummy. Maecenas tincidunt lacus at velit. Vivamus vel nulla eget eros elementum pellentesque.'),
(382, 'Donec posuere metus vitae ipsum.', '2016-09-05 00:00:00', 1, 1, 63, 'Vestibulum quam sapien, varius ut, blandit non, interdum in, ante. Vestibulum ante ipsum primis in faucibus orci luctus et ultrices posuere cubilia Curae; Duis faucibus accumsan odio. Curabitur convallis.'),
(383, 'Proin risus.', '2016-02-09 00:00:00', 1, NULL, 52, 'Praesent blandit. Nam nulla. Integer pede justo, lacinia eget, tincidunt eget, tempus vel, pede.'),
(384, 'Praesent lectus.', '2016-03-19 00:00:00', 1, NULL, 56, 'Vestibulum quam sapien, varius ut, blandit non, interdum in, ante. Vestibulum ante ipsum primis in faucibus orci luctus et ultrices posuere cubilia Curae; Duis faucibus accumsan odio. Curabitur convallis.'),
(385, 'Nullam varius.', '2015-04-09 00:00:00', 1, NULL, 73, 'Morbi porttitor lorem id ligula. Suspendisse ornare consequat lectus. In est risus, auctor sed, tristique in, tempus sit amet, sem.'),
(386, 'Nullam molestie nibh in lectus.', '2015-06-24 00:00:00', 1, NULL, NULL, 'Nulla ut erat id mauris vulputate elementum. Nullam varius. Nulla facilisi.'),
(387, 'Nullam varius.', '2016-11-13 00:00:00', 1, 1, NULL, 'Etiam vel augue. Vestibulum rutrum rutrum neque. Aenean auctor gravida sem.'),
(388, 'Donec dapibus.', '2016-01-24 00:00:00', 1, NULL, 67, 'Cras non velit nec nisi vulputate nonummy. Maecenas tincidunt lacus at velit. Vivamus vel nulla eget eros elementum pellentesque.'),
(389, 'Vestibulum quam sapien, varius ut, blandit non, interdum in, ante.', '2016-05-08 00:00:00', 1, NULL, 36, 'Aenean fermentum. Donec ut mauris eget massa tempor convallis. Nulla neque libero, convallis eget, eleifend luctus, ultricies eu, nibh.'),
(390, 'Vestibulum rutrum rutrum neque.', '2016-08-16 00:00:00', 1, NULL, 38, 'Aenean lectus. Pellentesque eget nunc. Donec quis orci eget orci vehicula condimentum.'),
(391, 'Curabitur convallis.', '2016-10-27 00:00:00', 1, NULL, NULL, 'In congue. Etiam justo. Etiam pretium iaculis justo.'),
(392, 'Vestibulum sed magna at nunc commodo placerat.', '2016-05-15 00:00:00', 1, NULL, 74, 'Maecenas leo odio, condimentum id, luctus nec, molestie sed, justo. Pellentesque viverra pede ac diam. Cras pellentesque volutpat dui.'),
(393, 'Fusce posuere felis sed lacus.', '2016-06-08 00:00:00', 1, NULL, 30, 'Curabitur gravida nisi at nibh. In hac habitasse platea dictumst. Aliquam augue quam, sollicitudin vitae, consectetuer eget, rutrum at, lorem.'),
(394, 'Vivamus in felis eu sapien cursus vestibulum.', '2015-05-26 00:00:00', 1, NULL, 38, 'Cras mi pede, malesuada in, imperdiet et, commodo vulputate, justo. In blandit ultrices enim. Lorem ipsum dolor sit amet, consectetuer adipiscing elit.'),
(395, 'Integer aliquet, massa id lobortis convallis, tortor risus dapibus augue, vel accumsan tellus nisi eu orci.', '2015-02-19 00:00:00', 1, NULL, 6, 'Aenean fermentum. Donec ut mauris eget massa tempor convallis. Nulla neque libero, convallis eget, eleifend luctus, ultricies eu, nibh.'),
(396, 'Aliquam non mauris.', '2014-07-08 00:00:00', 1, NULL, 85, 'In quis justo. Maecenas rhoncus aliquam lacus. Morbi quis tortor id nulla ultrices aliquet.'),
(397, 'Nulla ac enim.', '2016-07-13 00:00:00', 1, NULL, 89, 'In congue. Etiam justo. Etiam pretium iaculis justo.'),
(398, 'Donec quis orci eget orci vehicula condimentum.', '2015-05-31 00:00:00', 1, NULL, NULL, 'In hac habitasse platea dictumst. Morbi vestibulum, velit id pretium iaculis, diam erat fermentum justo, nec condimentum neque sapien placerat ante. Nulla justo.'),
(399, 'Phasellus in felis.', '2016-11-08 00:00:00', 1, 1, 73, 'Nulla ut erat id mauris vulputate elementum. Nullam varius. Nulla facilisi.'),
(400, 'Suspendisse accumsan tortor quis turpis.', '2015-11-25 00:00:00', 1, 1, NULL, 'Aenean lectus. Pellentesque eget nunc. Donec quis orci eget orci vehicula condimentum.'),
(401, 'Cras non velit nec nisi vulputate nonummy.', '2015-03-29 00:00:00', 1, 1, 3, 'Duis aliquam convallis nunc. Proin at turpis a pede posuere nonummy. Integer non velit.'),
(402, 'Aliquam erat volutpat.', '2016-10-25 00:00:00', 1, NULL, 98, 'Aliquam quis turpis eget elit sodales scelerisque. Mauris sit amet eros. Suspendisse accumsan tortor quis turpis.'),
(403, 'Morbi non lectus.', '2014-08-02 00:00:00', 1, NULL, NULL, 'In congue. Etiam justo. Etiam pretium iaculis justo.'),
(404, 'Integer tincidunt ante vel ipsum.', '2016-02-04 00:00:00', 1, NULL, 98, 'Maecenas tristique, est et tempus semper, est quam pharetra magna, ac consequat metus sapien ut nunc. Vestibulum ante ipsum primis in faucibus orci luctus et ultrices posuere cubilia Curae; Mauris viverra diam vitae quam. Suspendisse potenti.'),
(405, 'Quisque erat eros, viverra eget, congue eget, semper rutrum, nulla.', '2016-03-10 00:00:00', 1, NULL, 50, 'Morbi porttitor lorem id ligula. Suspendisse ornare consequat lectus. In est risus, auctor sed, tristique in, tempus sit amet, sem.'),
(406, 'Cras in purus eu magna vulputate luctus.', '2015-01-13 00:00:00', 1, NULL, 69, 'Morbi non lectus. Aliquam sit amet diam in magna bibendum imperdiet. Nullam orci pede, venenatis non, sodales sed, tincidunt eu, felis.'),
(407, 'Donec vitae nisi.', '2014-04-06 00:00:00', 1, NULL, 53, 'Fusce consequat. Nulla nisl. Nunc nisl.'),
(408, 'Nulla facilisi.', '2015-06-27 00:00:00', 1, 1, 56, 'Donec diam neque, vestibulum eget, vulputate ut, ultrices vel, augue. Vestibulum ante ipsum primis in faucibus orci luctus et ultrices posuere cubilia Curae; Donec pharetra, magna vestibulum aliquet ultrices, erat tortor sollicitudin mi, sit amet lobortis sapien sapien non mi. Integer ac neque.'),
(409, 'Praesent id massa id nisl venenatis lacinia.', '2014-09-08 00:00:00', 1, 1, 93, 'Lorem ipsum dolor sit amet, consectetuer adipiscing elit. Proin risus. Praesent lectus.'),
(410, 'Nullam orci pede, venenatis non, sodales sed, tincidunt eu, felis.', '2016-07-21 00:00:00', 1, NULL, 100, 'Sed sagittis. Nam congue, risus semper porta volutpat, quam pede lobortis ligula, sit amet eleifend pede libero quis orci. Nullam molestie nibh in lectus.'),
(411, 'Aenean fermentum.', '2016-05-07 00:00:00', 1, NULL, 95, 'Suspendisse potenti. In eleifend quam a odio. In hac habitasse platea dictumst.'),
(412, 'Nam ultrices, libero non mattis pulvinar, nulla pede ullamcorper augue, a suscipit nulla elit ac nulla.', '2015-04-24 00:00:00', 1, NULL, 30, 'Integer ac leo. Pellentesque ultrices mattis odio. Donec vitae nisi.'),
(413, 'Pellentesque ultrices mattis odio.', '2014-11-05 00:00:00', 1, NULL, NULL, 'Integer ac leo. Pellentesque ultrices mattis odio. Donec vitae nisi.'),
(414, 'Pellentesque at nulla.', '2016-08-26 00:00:00', 1, NULL, 53, 'In hac habitasse platea dictumst. Etiam faucibus cursus urna. Ut tellus.'),
(415, 'Suspendisse potenti.', '2016-03-27 00:00:00', 1, NULL, 12, 'Etiam vel augue. Vestibulum rutrum rutrum neque. Aenean auctor gravida sem.'),
(416, 'Mauris sit amet eros.', '2016-06-13 00:00:00', 1, NULL, NULL, 'Phasellus sit amet erat. Nulla tempus. Vivamus in felis eu sapien cursus vestibulum.'),
(417, 'Integer tincidunt ante vel ipsum.', '2015-08-22 00:00:00', 1, NULL, 29, 'Integer tincidunt ante vel ipsum. Praesent blandit lacinia erat. Vestibulum sed magna at nunc commodo placerat.'),
(418, 'Sed vel enim sit amet nunc viverra dapibus.', '2015-10-05 00:00:00', 1, NULL, 23, 'Nulla ut erat id mauris vulputate elementum. Nullam varius. Nulla facilisi.'),
(419, 'Vivamus tortor.', '2014-10-02 00:00:00', 1, NULL, 4, 'Integer ac leo. Pellentesque ultrices mattis odio. Donec vitae nisi.'),
(420, 'Aenean auctor gravida sem.', '2015-02-11 00:00:00', 1, NULL, NULL, 'In hac habitasse platea dictumst. Morbi vestibulum, velit id pretium iaculis, diam erat fermentum justo, nec condimentum neque sapien placerat ante. Nulla justo.'),
(421, 'Donec ut dolor.', '2015-12-21 00:00:00', 1, NULL, 84, 'In hac habitasse platea dictumst. Morbi vestibulum, velit id pretium iaculis, diam erat fermentum justo, nec condimentum neque sapien placerat ante. Nulla justo.'),
(422, 'Nulla nisl.', '2016-05-19 00:00:00', 1, NULL, 29, 'Quisque porta volutpat erat. Quisque erat eros, viverra eget, congue eget, semper rutrum, nulla. Nunc purus.'),
(423, 'Praesent blandit.', '2014-09-14 00:00:00', 1, NULL, NULL, 'Etiam vel augue. Vestibulum rutrum rutrum neque. Aenean auctor gravida sem.'),
(424, 'Vivamus in felis eu sapien cursus vestibulum.', '2014-02-22 00:00:00', 1, 1, 3, 'In congue. Etiam justo. Etiam pretium iaculis justo.'),
(425, 'Nullam porttitor lacus at turpis.', '2015-07-04 00:00:00', 1, NULL, 51, 'Maecenas tristique, est et tempus semper, est quam pharetra magna, ac consequat metus sapien ut nunc. Vestibulum ante ipsum primis in faucibus orci luctus et ultrices posuere cubilia Curae; Mauris viverra diam vitae quam. Suspendisse potenti.'),
(426, 'Pellentesque eget nunc.', '2016-03-16 00:00:00', 1, NULL, 54, 'In hac habitasse platea dictumst. Etiam faucibus cursus urna. Ut tellus.'),
(427, 'Nulla tempus.', '2014-02-10 00:00:00', 1, NULL, NULL, 'Vestibulum ac est lacinia nisi venenatis tristique. Fusce congue, diam id ornare imperdiet, sapien urna pretium nisl, ut volutpat sapien arcu sed augue. Aliquam erat volutpat.'),
(428, 'In hac habitasse platea dictumst.', '2015-08-11 00:00:00', 1, NULL, NULL, 'Aliquam quis turpis eget elit sodales scelerisque. Mauris sit amet eros. Suspendisse accumsan tortor quis turpis.'),
(429, 'Aenean fermentum.', '2016-02-22 00:00:00', 1, NULL, 88, 'Suspendisse potenti. In eleifend quam a odio. In hac habitasse platea dictumst.'),
(430, 'Morbi quis tortor id nulla ultrices aliquet.', '2016-08-02 00:00:00', 1, NULL, 26, 'Aenean lectus. Pellentesque eget nunc. Donec quis orci eget orci vehicula condimentum.'),
(431, 'In hac habitasse platea dictumst.', '2016-03-04 00:00:00', 1, NULL, 75, 'Curabitur at ipsum ac tellus semper interdum. Mauris ullamcorper purus sit amet nulla. Quisque arcu libero, rutrum ac, lobortis vel, dapibus at, diam.'),
(432, 'Sed vel enim sit amet nunc viverra dapibus.', '2014-04-23 00:00:00', 1, NULL, 36, 'Donec diam neque, vestibulum eget, vulputate ut, ultrices vel, augue. Vestibulum ante ipsum primis in faucibus orci luctus et ultrices posuere cubilia Curae; Donec pharetra, magna vestibulum aliquet ultrices, erat tortor sollicitudin mi, sit amet lobortis sapien sapien non mi. Integer ac neque.'),
(433, 'Mauris sit amet eros.', '2016-09-30 00:00:00', 1, NULL, 72, 'Praesent id massa id nisl venenatis lacinia. Aenean sit amet justo. Morbi ut odio.'),
(434, 'Vestibulum ante ipsum primis in faucibus orci luctus et ultrices posuere cubilia Curae; Duis faucibus accumsan odio.', '2016-03-26 00:00:00', 1, NULL, 51, 'Fusce posuere felis sed lacus. Morbi sem mauris, laoreet ut, rhoncus aliquet, pulvinar sed, nisl. Nunc rhoncus dui vel sem.'),
(435, 'Nullam orci pede, venenatis non, sodales sed, tincidunt eu, felis.', '2015-06-17 00:00:00', 1, NULL, 42, 'Curabitur gravida nisi at nibh. In hac habitasse platea dictumst. Aliquam augue quam, sollicitudin vitae, consectetuer eget, rutrum at, lorem.'),
(436, 'Nulla suscipit ligula in lacus.', '2016-02-14 00:00:00', 1, NULL, 80, 'Maecenas tristique, est et tempus semper, est quam pharetra magna, ac consequat metus sapien ut nunc. Vestibulum ante ipsum primis in faucibus orci luctus et ultrices posuere cubilia Curae; Mauris viverra diam vitae quam. Suspendisse potenti.'),
(437, 'In congue.', '2015-11-01 00:00:00', 1, NULL, 8, 'Curabitur at ipsum ac tellus semper interdum. Mauris ullamcorper purus sit amet nulla. Quisque arcu libero, rutrum ac, lobortis vel, dapibus at, diam.'),
(438, 'Sed accumsan felis.', '2014-07-03 00:00:00', 1, NULL, 24, 'Sed ante. Vivamus tortor. Duis mattis egestas metus.'),
(439, 'Fusce consequat.', '2014-11-20 00:00:00', 1, NULL, NULL, 'Cras mi pede, malesuada in, imperdiet et, commodo vulputate, justo. In blandit ultrices enim. Lorem ipsum dolor sit amet, consectetuer adipiscing elit.'),
(440, 'Quisque erat eros, viverra eget, congue eget, semper rutrum, nulla.', '2014-07-17 00:00:00', 1, 1, NULL, 'In quis justo. Maecenas rhoncus aliquam lacus. Morbi quis tortor id nulla ultrices aliquet.'),
(441, 'Suspendisse potenti.', '2015-01-08 00:00:00', 1, NULL, 39, 'Aenean lectus. Pellentesque eget nunc. Donec quis orci eget orci vehicula condimentum.'),
(442, 'Donec vitae nisi.', '2015-04-08 00:00:00', 1, NULL, 42, 'Maecenas leo odio, condimentum id, luctus nec, molestie sed, justo. Pellentesque viverra pede ac diam. Cras pellentesque volutpat dui.'),
(443, 'Maecenas leo odio, condimentum id, luctus nec, molestie sed, justo.', '2015-11-11 00:00:00', 1, NULL, 17, 'Morbi non lectus. Aliquam sit amet diam in magna bibendum imperdiet. Nullam orci pede, venenatis non, sodales sed, tincidunt eu, felis.'),
(444, 'Nunc nisl.', '2016-12-29 00:00:00', 1, NULL, 60, 'Maecenas tristique, est et tempus semper, est quam pharetra magna, ac consequat metus sapien ut nunc. Vestibulum ante ipsum primis in faucibus orci luctus et ultrices posuere cubilia Curae; Mauris viverra diam vitae quam. Suspendisse potenti.'),
(445, 'Aenean sit amet justo.', '2016-04-05 00:00:00', 1, NULL, 17, 'Cum sociis natoque penatibus et magnis dis parturient montes, nascetur ridiculus mus. Vivamus vestibulum sagittis sapien. Cum sociis natoque penatibus et magnis dis parturient montes, nascetur ridiculus mus.'),
(446, 'Praesent blandit lacinia erat.', '2015-04-27 00:00:00', 1, 1, 10, 'Cras mi pede, malesuada in, imperdiet et, commodo vulputate, justo. In blandit ultrices enim. Lorem ipsum dolor sit amet, consectetuer adipiscing elit.'),
(447, 'Nullam porttitor lacus at turpis.', '2015-04-19 00:00:00', 1, NULL, NULL, 'Mauris enim leo, rhoncus sed, vestibulum sit amet, cursus id, turpis. Integer aliquet, massa id lobortis convallis, tortor risus dapibus augue, vel accumsan tellus nisi eu orci. Mauris lacinia sapien quis libero.'),
(448, 'Ut at dolor quis odio consequat varius.', '2015-03-06 00:00:00', 1, 1, 67, 'In congue. Etiam justo. Etiam pretium iaculis justo.'),
(449, 'In blandit ultrices enim.', '2016-07-16 00:00:00', 1, NULL, 6, 'Curabitur gravida nisi at nibh. In hac habitasse platea dictumst. Aliquam augue quam, sollicitudin vitae, consectetuer eget, rutrum at, lorem.'),
(450, 'Nunc rhoncus dui vel sem.', '2016-04-14 00:00:00', 1, NULL, 35, 'Sed sagittis. Nam congue, risus semper porta volutpat, quam pede lobortis ligula, sit amet eleifend pede libero quis orci. Nullam molestie nibh in lectus.'),
(451, 'Proin at turpis a pede posuere nonummy.', '2014-12-31 00:00:00', 1, NULL, 92, 'In hac habitasse platea dictumst. Morbi vestibulum, velit id pretium iaculis, diam erat fermentum justo, nec condimentum neque sapien placerat ante. Nulla justo.'),
(452, 'Cum sociis natoque penatibus et magnis dis parturient montes, nascetur ridiculus mus.', '2016-12-01 00:00:00', 1, NULL, 29, 'In hac habitasse platea dictumst. Etiam faucibus cursus urna. Ut tellus.'),
(453, 'Ut tellus.', '2015-08-06 00:00:00', 1, NULL, 2, 'Vestibulum ac est lacinia nisi venenatis tristique. Fusce congue, diam id ornare imperdiet, sapien urna pretium nisl, ut volutpat sapien arcu sed augue. Aliquam erat volutpat.'),
(454, 'Nulla tempus.', '2014-04-12 00:00:00', 1, 1, 66, 'In quis justo. Maecenas rhoncus aliquam lacus. Morbi quis tortor id nulla ultrices aliquet.'),
(455, 'Donec dapibus.', '2015-06-26 00:00:00', 1, 1, 90, 'Etiam vel augue. Vestibulum rutrum rutrum neque. Aenean auctor gravida sem.'),
(456, 'Vestibulum rutrum rutrum neque.', '2015-11-12 00:00:00', 1, NULL, 67, 'Duis aliquam convallis nunc. Proin at turpis a pede posuere nonummy. Integer non velit.'),
(457, 'Nulla justo.', '2016-03-11 00:00:00', 1, NULL, 83, 'Aliquam quis turpis eget elit sodales scelerisque. Mauris sit amet eros. Suspendisse accumsan tortor quis turpis.'),
(458, 'Maecenas pulvinar lobortis est.', '2014-11-11 00:00:00', 1, 1, NULL, 'Vestibulum ac est lacinia nisi venenatis tristique. Fusce congue, diam id ornare imperdiet, sapien urna pretium nisl, ut volutpat sapien arcu sed augue. Aliquam erat volutpat.'),
(459, 'Vestibulum ante ipsum primis in faucibus orci luctus et ultrices posuere cubilia Curae; Mauris viverra diam vitae quam.', '2015-07-23 00:00:00', 1, NULL, 13, 'Curabitur at ipsum ac tellus semper interdum. Mauris ullamcorper purus sit amet nulla. Quisque arcu libero, rutrum ac, lobortis vel, dapibus at, diam.'),
(460, 'Integer ac neque.', '2015-09-09 00:00:00', 1, NULL, 62, 'Nulla ut erat id mauris vulputate elementum. Nullam varius. Nulla facilisi.'),
(461, 'In est risus, auctor sed, tristique in, tempus sit amet, sem.', '2014-02-23 00:00:00', 1, 1, 29, 'Suspendisse potenti. In eleifend quam a odio. In hac habitasse platea dictumst.'),
(462, 'Aliquam erat volutpat.', '2015-06-11 00:00:00', 1, NULL, NULL, 'Donec diam neque, vestibulum eget, vulputate ut, ultrices vel, augue. Vestibulum ante ipsum primis in faucibus orci luctus et ultrices posuere cubilia Curae; Donec pharetra, magna vestibulum aliquet ultrices, erat tortor sollicitudin mi, sit amet lobortis sapien sapien non mi. Integer ac neque.'),
(463, 'Morbi ut odio.', '2016-02-26 00:00:00', 1, NULL, 63, 'Curabitur gravida nisi at nibh. In hac habitasse platea dictumst. Aliquam augue quam, sollicitudin vitae, consectetuer eget, rutrum at, lorem.'),
(464, 'Sed vel enim sit amet nunc viverra dapibus.', '2016-07-20 00:00:00', 1, NULL, 95, 'Nam ultrices, libero non mattis pulvinar, nulla pede ullamcorper augue, a suscipit nulla elit ac nulla. Sed vel enim sit amet nunc viverra dapibus. Nulla suscipit ligula in lacus.'),
(465, 'Maecenas tristique, est et tempus semper, est quam pharetra magna, ac consequat metus sapien ut nunc.', '2016-10-04 00:00:00', 1, NULL, 41, 'Integer ac leo. Pellentesque ultrices mattis odio. Donec vitae nisi.'),
(466, 'Nunc nisl.', '2014-02-02 00:00:00', 1, NULL, 74, 'Duis bibendum. Morbi non quam nec dui luctus rutrum. Nulla tellus.');
INSERT INTO `news` (`id`, `title`, `create_date_time`, `id_user`, `analytical`, `count_readers`, `text`) VALUES
(467, 'Sed sagittis.', '2016-03-19 00:00:00', 1, NULL, NULL, 'Proin interdum mauris non ligula pellentesque ultrices. Phasellus id sapien in sapien iaculis congue. Vivamus metus arcu, adipiscing molestie, hendrerit at, vulputate vitae, nisl.'),
(468, 'Aliquam augue quam, sollicitudin vitae, consectetuer eget, rutrum at, lorem.', '2015-12-22 00:00:00', 1, 1, 80, 'Nulla ut erat id mauris vulputate elementum. Nullam varius. Nulla facilisi.'),
(469, 'Aliquam quis turpis eget elit sodales scelerisque.', '2016-07-16 00:00:00', 1, NULL, 82, 'Proin interdum mauris non ligula pellentesque ultrices. Phasellus id sapien in sapien iaculis congue. Vivamus metus arcu, adipiscing molestie, hendrerit at, vulputate vitae, nisl.'),
(470, 'Vestibulum ante ipsum primis in faucibus orci luctus et ultrices posuere cubilia Curae; Nulla dapibus dolor vel est.', '2015-10-21 00:00:00', 1, NULL, 7, 'Donec diam neque, vestibulum eget, vulputate ut, ultrices vel, augue. Vestibulum ante ipsum primis in faucibus orci luctus et ultrices posuere cubilia Curae; Donec pharetra, magna vestibulum aliquet ultrices, erat tortor sollicitudin mi, sit amet lobortis sapien sapien non mi. Integer ac neque.'),
(471, 'Nam nulla.', '2014-04-07 00:00:00', 1, NULL, 2, 'Quisque id justo sit amet sapien dignissim vestibulum. Vestibulum ante ipsum primis in faucibus orci luctus et ultrices posuere cubilia Curae; Nulla dapibus dolor vel est. Donec odio justo, sollicitudin ut, suscipit a, feugiat et, eros.'),
(472, 'Proin risus.', '2014-08-17 00:00:00', 1, NULL, 71, 'Nulla ut erat id mauris vulputate elementum. Nullam varius. Nulla facilisi.'),
(473, 'In hac habitasse platea dictumst.', '2014-12-11 00:00:00', 1, NULL, 81, 'Maecenas tristique, est et tempus semper, est quam pharetra magna, ac consequat metus sapien ut nunc. Vestibulum ante ipsum primis in faucibus orci luctus et ultrices posuere cubilia Curae; Mauris viverra diam vitae quam. Suspendisse potenti.'),
(474, 'Vestibulum ante ipsum primis in faucibus orci luctus et ultrices posuere cubilia Curae; Nulla dapibus dolor vel est.', '2014-02-18 00:00:00', 1, 1, 1, 'Morbi porttitor lorem id ligula. Suspendisse ornare consequat lectus. In est risus, auctor sed, tristique in, tempus sit amet, sem.'),
(475, 'Quisque porta volutpat erat.', '2015-03-07 00:00:00', 1, NULL, 21, 'Vestibulum quam sapien, varius ut, blandit non, interdum in, ante. Vestibulum ante ipsum primis in faucibus orci luctus et ultrices posuere cubilia Curae; Duis faucibus accumsan odio. Curabitur convallis.'),
(476, 'Quisque id justo sit amet sapien dignissim vestibulum.', '2016-06-01 00:00:00', 1, NULL, 41, 'Duis bibendum. Morbi non quam nec dui luctus rutrum. Nulla tellus.'),
(477, 'Vestibulum sed magna at nunc commodo placerat.', '2015-03-29 00:00:00', 1, NULL, NULL, 'Duis bibendum, felis sed interdum venenatis, turpis enim blandit mi, in porttitor pede justo eu massa. Donec dapibus. Duis at velit eu est congue elementum.'),
(478, 'Etiam pretium iaculis justo.', '2016-10-06 00:00:00', 1, 1, 91, 'Duis bibendum. Morbi non quam nec dui luctus rutrum. Nulla tellus.'),
(479, 'Duis at velit eu est congue elementum.', '2014-04-16 00:00:00', 1, NULL, 53, 'Aenean fermentum. Donec ut mauris eget massa tempor convallis. Nulla neque libero, convallis eget, eleifend luctus, ultricies eu, nibh.'),
(480, 'In hac habitasse platea dictumst.', '2016-05-29 00:00:00', 1, NULL, NULL, 'Proin interdum mauris non ligula pellentesque ultrices. Phasellus id sapien in sapien iaculis congue. Vivamus metus arcu, adipiscing molestie, hendrerit at, vulputate vitae, nisl.'),
(481, 'Vestibulum ante ipsum primis in faucibus orci luctus et ultrices posuere cubilia Curae; Duis faucibus accumsan odio.', '2016-03-13 00:00:00', 1, NULL, NULL, 'Aenean lectus. Pellentesque eget nunc. Donec quis orci eget orci vehicula condimentum.'),
(482, 'In sagittis dui vel nisl.', '2016-07-30 00:00:00', 1, NULL, 14, 'Duis bibendum. Morbi non quam nec dui luctus rutrum. Nulla tellus.'),
(483, 'Quisque erat eros, viverra eget, congue eget, semper rutrum, nulla.', '2016-12-14 00:00:00', 1, NULL, NULL, 'Maecenas tristique, est et tempus semper, est quam pharetra magna, ac consequat metus sapien ut nunc. Vestibulum ante ipsum primis in faucibus orci luctus et ultrices posuere cubilia Curae; Mauris viverra diam vitae quam. Suspendisse potenti.'),
(484, 'Vestibulum ante ipsum primis in faucibus orci luctus et ultrices posuere cubilia Curae; Donec pharetra, magna vestibulum aliquet ultrices, erat tortor sollicitudin mi, sit amet lobortis sapien sapien ', '2016-01-24 00:00:00', 1, NULL, 36, 'Aenean fermentum. Donec ut mauris eget massa tempor convallis. Nulla neque libero, convallis eget, eleifend luctus, ultricies eu, nibh.'),
(485, 'Aenean auctor gravida sem.', '2014-09-11 00:00:00', 1, NULL, NULL, 'Aliquam quis turpis eget elit sodales scelerisque. Mauris sit amet eros. Suspendisse accumsan tortor quis turpis.'),
(486, 'Nulla tempus.', '2015-10-12 00:00:00', 1, NULL, 11, 'Integer ac leo. Pellentesque ultrices mattis odio. Donec vitae nisi.'),
(487, 'Vestibulum ac est lacinia nisi venenatis tristique.', '2014-03-20 00:00:00', 1, NULL, 34, 'Etiam vel augue. Vestibulum rutrum rutrum neque. Aenean auctor gravida sem.'),
(488, 'Duis ac nibh.', '2016-06-20 00:00:00', 1, NULL, NULL, 'Maecenas tristique, est et tempus semper, est quam pharetra magna, ac consequat metus sapien ut nunc. Vestibulum ante ipsum primis in faucibus orci luctus et ultrices posuere cubilia Curae; Mauris viverra diam vitae quam. Suspendisse potenti.'),
(489, 'Maecenas tincidunt lacus at velit.', '2015-07-10 00:00:00', 1, NULL, NULL, 'Donec diam neque, vestibulum eget, vulputate ut, ultrices vel, augue. Vestibulum ante ipsum primis in faucibus orci luctus et ultrices posuere cubilia Curae; Donec pharetra, magna vestibulum aliquet ultrices, erat tortor sollicitudin mi, sit amet lobortis sapien sapien non mi. Integer ac neque.'),
(490, 'Ut tellus.', '2016-01-13 00:00:00', 1, NULL, 6, 'Mauris enim leo, rhoncus sed, vestibulum sit amet, cursus id, turpis. Integer aliquet, massa id lobortis convallis, tortor risus dapibus augue, vel accumsan tellus nisi eu orci. Mauris lacinia sapien quis libero.'),
(491, 'Vestibulum ante ipsum primis in faucibus orci luctus et ultrices posuere cubilia Curae; Nulla dapibus dolor vel est.', '2015-05-20 00:00:00', 1, 1, 27, 'Duis consequat dui nec nisi volutpat eleifend. Donec ut dolor. Morbi vel lectus in quam fringilla rhoncus.'),
(492, 'Sed accumsan felis.', '2015-11-02 00:00:00', 1, NULL, NULL, 'In sagittis dui vel nisl. Duis ac nibh. Fusce lacus purus, aliquet at, feugiat non, pretium quis, lectus.'),
(493, 'Quisque porta volutpat erat.', '2014-10-13 00:00:00', 1, NULL, 38, 'In hac habitasse platea dictumst. Morbi vestibulum, velit id pretium iaculis, diam erat fermentum justo, nec condimentum neque sapien placerat ante. Nulla justo.'),
(494, 'Praesent lectus.', '2016-07-15 00:00:00', 1, NULL, NULL, 'Curabitur in libero ut massa volutpat convallis. Morbi odio odio, elementum eu, interdum eu, tincidunt in, leo. Maecenas pulvinar lobortis est.'),
(495, 'Vivamus in felis eu sapien cursus vestibulum.', '2015-08-22 00:00:00', 1, NULL, 27, 'Curabitur in libero ut massa volutpat convallis. Morbi odio odio, elementum eu, interdum eu, tincidunt in, leo. Maecenas pulvinar lobortis est.'),
(496, 'Vivamus vestibulum sagittis sapien.', '2016-04-28 00:00:00', 1, NULL, 19, 'Morbi porttitor lorem id ligula. Suspendisse ornare consequat lectus. In est risus, auctor sed, tristique in, tempus sit amet, sem.'),
(497, 'Curabitur gravida nisi at nibh.', '2015-06-07 00:00:00', 1, 1, NULL, 'Suspendisse potenti. In eleifend quam a odio. In hac habitasse platea dictumst.'),
(498, 'Mauris sit amet eros.', '2015-08-24 00:00:00', 1, 1, NULL, 'Duis bibendum. Morbi non quam nec dui luctus rutrum. Nulla tellus.'),
(499, 'In eleifend quam a odio.', '2015-11-07 00:00:00', 1, NULL, NULL, 'Cras non velit nec nisi vulputate nonummy. Maecenas tincidunt lacus at velit. Vivamus vel nulla eget eros elementum pellentesque.'),
(500, 'Morbi a ipsum.', '2014-06-21 00:00:00', 1, 1, 47, 'In hac habitasse platea dictumst. Etiam faucibus cursus urna. Ut tellus.'),
(501, 'New title', '2016-11-17 02:34:40', NULL, 1, NULL, 'Many text. Many text. Many text. Many text. Many text. Many text. Many text. Many text.'),
(502, '502 article', '2016-11-17 02:40:21', NULL, 1, NULL, 'Text of 502 article. Text of 502 article. Text of 502 article. Text of 502 article. Text of 502 article. Text of 502 article. Text of 502 article.'),
(503, '503 titl3', '2016-11-17 02:46:33', NULL, 0, NULL, 'Text of 503 article. Text of 503 article. Text of 503 article. Text of 503 article. Text of 503 article.Text of 503 article.Text of 503 article. Text of 503 article. Text of 503 article. Text of 503 article. Text of 503 article.Text of 503 article.'),
(504, '504 504 504', '2016-11-17 02:48:32', NULL, 1, NULL, 'Fjksgjlsdg. a gsag. agag. agsag. ag ga sg ag asg. asdgas ga sgs ag sa gagagdsgjoq eugt outoyohegihaihgi halg. gh oytgnwtyboqcynlqywyxrofhoidhghfka gkjkjg gfgks.'),
(505, '504 504 504', '2016-11-17 02:52:05', NULL, 1, NULL, 'Fjksgjlsdg. a gsag. agag. agsag. ag ga sg ag asg. asdgas ga sgs ag sa gagagdsgjoq eugt outoyohegihaihgi halg. gh oytgnwtyboqcynlqywyxrofhoidhghfka gkjkjg gfgks.'),
(506, '504 text title', '2016-11-17 02:53:25', NULL, 1, NULL, 'Lorem ipsum dolor sit amet, consectetur adipiscing elit. Nullam congue, neque iaculis lacinia finibus, nisl mi consequat ligula, vel tempor augue orci quis est. In id efficitur arcu. Curabitur semper sit amet diam id porta. Fusce tristique tellus vitae dui dapibus, porta tincidunt neque efficitur. Suspendisse potenti. Pellentesque id justo euismod, elementum purus in, tempus eros. Nam euismod aliquam risus, vel consequat odio porta consectetur. Pellentesque commodo mi nisi, hendrerit rutrum eros consequat eget. In aliquam ipsum in felis porta, vitae semper justo efficitur. Phasellus quis pretium lectus. Etiam sed euismod ante. Mauris hendrerit porta metus sit amet facilisis.  Sed tincidunt neque a metus rhoncus pellentesque. Aenean tincidunt neque risus. Ut vitae risus molestie, viverra diam in, faucibus metus. Vestibulum in felis tincidunt, aliquet dui in, facilisis arcu. Integer luctus velit eget hendrerit pharetra. Nunc mollis augue nibh, ac consequat ante varius in. Phasellus felis orci, vestibulum non vestibulum eget, luctus eget libero. Donec nunc nisi, cursus a odio interdum, porta efficitur ipsum. Mauris dignissim nulla libero, quis vestibulum odio cursus eu. Class aptent taciti sociosqu ad litora torquent per conubia nostra, per inceptos himenaeos. Aliquam erat volutpat. Nulla mi dui, dignissim eu nulla eget, congue laoreet lorem. Aenean rhoncus, felis vitae mattis vehicula, purus turpis imperdiet velit, in rutrum felis velit eget nibh. Suspendisse potenti.  Integer orci eros, suscipit vel interdum eget, iaculis sit amet justo. In suscipit suscipit nisi lobortis luctus. Sed quis rutrum metus, non pellentesque metus. Nullam vehicula elit ac eros egestas, ut venenatis neque semper. Pellentesque habitant morbi tristique senectus et netus et malesuada fames ac turpis egestas. Interdum et malesuada fames ac ante ipsum primis in faucibus. Duis lectus dui, lacinia porttitor augue eget, sodales iaculis metus. Donec a ex id tellus tincidunt sagittis at nec lacus. Donec mi dolor, tempor vitae erat ut, aliquam mattis tellus. Donec ac lectus nibh. Integer lacinia mattis egestas. Fusce porttitor ex nec mauris feugiat laoreet. Mauris sed urna quis lectus iaculis feugiat sed sit amet leo. Sed augue libero, cursus a posuere sed, pulvinar at libero. Nam eros ex, cursus sit amet sem eget, scelerisque congue diam.'),
(507, '504 fsdjdsgdg', '2016-11-17 02:58:01', NULL, 1, NULL, 'Lorem ipsum dolor sit amet, consectetur adipiscing elit. Nullam congue, neque iaculis lacinia finibus, nisl mi consequat ligula, vel tempor augue orci quis est. In id efficitur arcu. Curabitur semper sit amet diam id porta. Fusce tristique tellus vitae dui dapibus, porta tincidunt neque efficitur. Suspendisse potenti. Pellentesque id justo euismod, elementum purus in, tempus eros. Nam euismod aliquam risus, vel consequat odio porta consectetur. Pellentesque commodo mi nisi, hendrerit rutrum eros consequat eget. In aliquam ipsum in felis porta, vitae semper justo efficitur. Phasellus quis pretium lectus. Etiam sed euismod ante. Mauris hendrerit porta metus sit amet facilisis.  Sed tincidunt neque a metus rhoncus pellentesque. Aenean tincidunt neque risus. Ut vitae risus molestie, viverra diam in, faucibus metus. Vestibulum in felis tincidunt, aliquet dui in, facilisis arcu. Integer luctus velit eget hendrerit pharetra. Nunc mollis augue nibh, ac consequat ante varius in. Phasellus felis orci, vestibulum non vestibulum eget, luctus eget libero. Donec nunc nisi, cursus a odio interdum, porta efficitur ipsum. Mauris dignissim nulla libero, quis vestibulum odio cursus eu. Class aptent taciti sociosqu ad litora torquent per conubia nostra, per inceptos himenaeos. Aliquam erat volutpat. Nulla mi dui, dignissim eu nulla eget, congue laoreet lorem. Aenean rhoncus, felis vitae mattis vehicula, purus turpis imperdiet velit, in rutrum felis velit eget nibh. Suspendisse potenti.  Integer orci eros, suscipit vel interdum eget, iaculis sit amet justo. In suscipit suscipit nisi lobortis luctus. Sed quis rutrum metus, non pellentesque metus. Nullam vehicula elit ac eros egestas, ut venenatis neque semper. Pellentesque habitant morbi tristique senectus et netus et malesuada fames ac turpis egestas. Interdum et malesuada fames ac ante ipsum primis in faucibus. Duis lectus dui, lacinia porttitor augue eget, sodales iaculis metus. Donec a ex id tellus tincidunt sagittis at nec lacus. Donec mi dolor, tempor vitae erat ut, aliquam mattis tellus. Donec ac lectus nibh. Integer lacinia mattis egestas. Fusce porttitor ex nec mauris feugiat laoreet. Mauris sed urna quis lectus iaculis feugiat sed sit amet leo. Sed augue libero, cursus a posuere sed, pulvinar at libero. Nam eros ex, cursus sit amet sem eget, scelerisque congue diam.'),
(508, '508', '2016-11-17 03:00:13', NULL, 1, NULL, 'Lorem ipsum dolor sit amet, consectetur adipiscing elit. Aenean molestie mi purus, ut placerat turpis vehicula id. Nullam a sem vitae dui dapibus porta. Ut viverra ultricies nibh quis imperdiet. Sed augue eros, volutpat nec ipsum a, efficitur gravida magna. Duis sed laoreet enim, non ultricies tortor. Aliquam sit amet sagittis ex. Morbi blandit sapien sit amet leo dapibus gravida. Cras iaculis libero sed dui interdum tincidunt. Praesent tempus a ante nec consequat. Etiam non sapien leo. Cras ac hendrerit metus, in varius odio.  Ut id dolor orci. Morbi blandit vitae mi fermentum rhoncus. Integer pellentesque urna vitae nisl tempor, a faucibus eros faucibus. Integer a nunc sed leo dictum vulputate tempor vitae neque. Fusce tincidunt urna turpis, id aliquam tortor molestie id. Etiam a feugiat justo. Aliquam viverra at nisi vel scelerisque. Nam a ligula lobortis libero sagittis ornare. Praesent in vestibulum lectus, id sagittis nibh. Mauris consequat, metus in condimentum condimentum, purus erat suscipit orci, eget semper purus nibh a sapien. Phasellus nec urna quis magna tincidunt maximus vel at sapien.'),
(509, '509', '2016-11-17 03:01:25', NULL, 0, NULL, 'Ut id dolor orci. Morbi blandit vitae mi fermentum rhoncus. Integer pellentesque urna vitae nisl tempor, a faucibus eros faucibus. Integer a nunc sed leo dictum vulputate tempor vitae neque. Fusce tincidunt urna turpis, id aliquam tortor molestie id. Etiam a feugiat justo. Aliquam viverra at nisi vel scelerisque. Nam a ligula lobortis libero sagittis ornare. Praesent in vestibulum lectus, id sagittis nibh. Mauris consequat, metus in condimentum condimentum, purus erat suscipit orci, eget semper purus nibh a sapien. Phasellus nec urna quis magna tincidunt maximus vel at sapien.  Aliquam a tellus iaculis, aliquet nunc a, rutrum nisi. Sed at metus augue. Morbi iaculis tristique mauris id eleifend. Maecenas eget vestibulum enim. Nunc tellus nulla, ultrices eget diam cursus, facilisis vehicula elit. Aenean dapibus nulla a iaculis lobortis. Nulla et euismod felis. Cras rutrum nulla et aliquet condimentum. Maecenas nec ligula ut lectus faucibus convallis sed nec felis.  Nulla quis nulla porttitor, euismod nibh sit amet, hendrerit libero. Fusce fringilla, massa ac sollicitudin aliquet, libero massa posuere diam, ut cursus dolor diam ut turpis. Aliquam sed libero ipsum. Nulla facilisi. Ut mattis eros nulla, sed malesuada magna pellentesque eu. Nulla vitae tempor libero, ac porttitor metus. Donec eget enim ut enim consectetur condimentum sed nec mauris.'),
(510, '510', '2016-11-17 03:08:12', NULL, 1, NULL, 'Aliquam a tellus iaculis, aliquet nunc a, rutrum nisi. Sed at metus augue. Morbi iaculis tristique mauris id eleifend. Maecenas eget vestibulum enim. Nunc tellus nulla, ultrices eget diam cursus, facilisis vehicula elit. Aenean dapibus nulla a iaculis lobortis. Nulla et euismod felis. Cras rutrum nulla et aliquet condimentum. Maecenas nec ligula ut lectus faucibus convallis sed nec felis.  Nulla quis nulla porttitor, euismod nibh sit amet, hendrerit libero. Fusce fringilla, massa ac sollicitudin aliquet, libero massa posuere diam, ut cursus dolor diam ut turpis. Aliquam sed libero ipsum. Nulla facilisi. Ut mattis eros nulla, sed malesuada magna pellentesque eu. Nulla vitae tempor libero, ac porttitor metus. Donec eget enim ut enim consectetur condimentum sed nec mauris.'),
(511, '511', '2016-11-17 03:11:49', NULL, 1, NULL, 'Aliquam a tellus iaculis, aliquet nunc a, rutrum nisi. Sed at metus augue. Morbi iaculis tristique mauris id eleifend. Maecenas eget vestibulum enim. Nunc tellus nulla, ultrices eget diam cursus, facilisis vehicula elit. Aenean dapibus nulla a iaculis lobortis. Nulla et euismod felis. Cras rutrum nulla et aliquet condimentum. Maecenas nec ligula ut lectus faucibus convallis sed nec felis.  Nulla quis nulla porttitor, euismod nibh sit amet, hendrerit libero. Fusce fringilla, massa ac sollicitudin aliquet, libero massa posuere diam, ut cursus dolor diam ut turpis. Aliquam sed libero ipsum. Nulla facilisi. Ut mattis eros nulla, sed malesuada magna pellentesque eu. Nulla vitae tempor libero, ac porttitor metus. Donec eget enim ut enim consectetur condimentum sed nec mauris.'),
(512, '512', '2016-11-17 03:13:25', NULL, 1, NULL, 'Aliquam a tellus iaculis, aliquet nunc a, rutrum nisi. Sed at metus augue. Morbi iaculis tristique mauris id eleifend. Maecenas eget vestibulum enim. Nunc tellus nulla, ultrices eget diam cursus, facilisis vehicula elit. Aenean dapibus nulla a iaculis lobortis. Nulla et euismod felis. Cras rutrum nulla et aliquet condimentum. Maecenas nec ligula ut lectus faucibus convallis sed nec felis.  Nulla quis nulla porttitor, euismod nibh sit amet, hendrerit libero. Fusce fringilla, massa ac sollicitudin aliquet, libero massa posuere diam, ut cursus dolor diam ut turpis. Aliquam sed libero ipsum. Nulla facilisi. Ut mattis eros nulla, sed malesuada magna pellentesque eu. Nulla vitae tempor libero, ac porttitor metus. Donec eget enim ut enim consectetur condimentum sed nec mauris.'),
(513, '512', '2016-11-17 03:13:40', NULL, 1, NULL, 'Aliquam a tellus iaculis, aliquet nunc a, rutrum nisi. Sed at metus augue. Morbi iaculis tristique mauris id eleifend. Maecenas eget vestibulum enim. Nunc tellus nulla, ultrices eget diam cursus, facilisis vehicula elit. Aenean dapibus nulla a iaculis lobortis. Nulla et euismod felis. Cras rutrum nulla et aliquet condimentum. Maecenas nec ligula ut lectus faucibus convallis sed nec felis.  Nulla quis nulla porttitor, euismod nibh sit amet, hendrerit libero. Fusce fringilla, massa ac sollicitudin aliquet, libero massa posuere diam, ut cursus dolor diam ut turpis. Aliquam sed libero ipsum. Nulla facilisi. Ut mattis eros nulla, sed malesuada magna pellentesque eu. Nulla vitae tempor libero, ac porttitor metus. Donec eget enim ut enim consectetur condimentum sed nec mauris.'),
(514, '514', '2016-11-17 03:15:28', NULL, 1, NULL, 'Aliquam a tellus iaculis, aliquet nunc a, rutrum nisi. Sed at metus augue. Morbi iaculis tristique mauris id eleifend. Maecenas eget vestibulum enim. Nunc tellus nulla, ultrices eget diam cursus, facilisis vehicula elit. Aenean dapibus nulla a iaculis lobortis. Nulla et euismod felis. Cras rutrum nulla et aliquet condimentum. Maecenas nec ligula ut lectus faucibus convallis sed nec felis.  Nulla quis nulla porttitor, euismod nibh sit amet, hendrerit libero. Fusce fringilla, massa ac sollicitudin aliquet, libero massa posuere diam, ut cursus dolor diam ut turpis. Aliquam sed libero ipsum. Nulla facilisi. Ut mattis eros nulla, sed malesuada magna pellentesque eu. Nulla vitae tempor libero, ac porttitor metus. Donec eget enim ut enim consectetur condimentum sed nec mauris.'),
(515, '515', '2016-11-17 03:16:23', NULL, 1, NULL, 'Aliquam a tellus iaculis, aliquet nunc a, rutrum nisi. Sed at metus augue. Morbi iaculis tristique mauris id eleifend. Maecenas eget vestibulum enim. Nunc tellus nulla, ultrices eget diam cursus, facilisis vehicula elit. Aenean dapibus nulla a iaculis lobortis. Nulla et euismod felis. Cras rutrum nulla et aliquet condimentum. Maecenas nec ligula ut lectus faucibus convallis sed nec felis.  Nulla quis nulla porttitor, euismod nibh sit amet, hendrerit libero. Fusce fringilla, massa ac sollicitudin aliquet, libero massa posuere diam, ut cursus dolor diam ut turpis. Aliquam sed libero ipsum. Nulla facilisi. Ut mattis eros nulla, sed malesuada magna pellentesque eu. Nulla vitae tempor libero, ac porttitor metus. Donec eget enim ut enim consectetur condimentum sed nec mauris.'),
(516, '516', '2016-11-17 03:20:50', NULL, 1, NULL, 'Aliquam a tellus iaculis, aliquet nunc a, rutrum nisi. Sed at metus augue. Morbi iaculis tristique mauris id eleifend. Maecenas eget vestibulum enim. Nunc tellus nulla, ultrices eget diam cursus, facilisis vehicula elit. Aenean dapibus nulla a iaculis lobortis. Nulla et euismod felis. Cras rutrum nulla et aliquet condimentum. Maecenas nec ligula ut lectus faucibus convallis sed nec felis.  Nulla quis nulla porttitor, euismod nibh sit amet, hendrerit libero. Fusce fringilla, massa ac sollicitudin aliquet, libero massa posuere diam, ut cursus dolor diam ut turpis. Aliquam sed libero ipsum. Nulla facilisi. Ut mattis eros nulla, sed malesuada magna pellentesque eu. Nulla vitae tempor libero, ac porttitor metus. Donec eget enim ut enim consectetur condimentum sed nec mauris.'),
(517, '517', '2016-11-17 03:26:08', NULL, 1, NULL, 'Aliquam a tellus iaculis, aliquet nunc a, rutrum nisi. Sed at metus augue. Morbi iaculis tristique mauris id eleifend. Maecenas eget vestibulum enim. Nunc tellus nulla, ultrices eget diam cursus, facilisis vehicula elit. Aenean dapibus nulla a iaculis lobortis. Nulla et euismod felis. Cras rutrum nulla et aliquet condimentum. Maecenas nec ligula ut lectus faucibus convallis sed nec felis.  Nulla quis nulla porttitor, euismod nibh sit amet, hendrerit libero. Fusce fringilla, massa ac sollicitudin aliquet, libero massa posuere diam, ut cursus dolor diam ut turpis. Aliquam sed libero ipsum. Nulla facilisi. Ut mattis eros nulla, sed malesuada magna pellentesque eu. Nulla vitae tempor libero, ac porttitor metus. Donec eget enim ut enim consectetur condimentum sed nec mauris.'),
(518, '517', '2016-11-17 03:27:15', NULL, 1, NULL, 'Aliquam a tellus iaculis, aliquet nunc a, rutrum nisi. Sed at metus augue. Morbi iaculis tristique mauris id eleifend. Maecenas eget vestibulum enim. Nunc tellus nulla, ultrices eget diam cursus, facilisis vehicula elit. Aenean dapibus nulla a iaculis lobortis. Nulla et euismod felis. Cras rutrum nulla et aliquet condimentum. Maecenas nec ligula ut lectus faucibus convallis sed nec felis.  Nulla quis nulla porttitor, euismod nibh sit amet, hendrerit libero. Fusce fringilla, massa ac sollicitudin aliquet, libero massa posuere diam, ut cursus dolor diam ut turpis. Aliquam sed libero ipsum. Nulla facilisi. Ut mattis eros nulla, sed malesuada magna pellentesque eu. Nulla vitae tempor libero, ac porttitor metus. Donec eget enim ut enim consectetur condimentum sed nec mauris.'),
(519, '518 title', '2016-11-17 03:29:58', NULL, 1, NULL, 'Pellentesque habitant morbi tristique senectus et netus et malesuada fames ac turpis egestas. In aliquet congue augue quis convallis. Suspendisse id velit dui. Praesent pharetra augue id turpis iaculis, sed condimentum metus commodo. Nulla vel ullamcorper nunc, nec placerat est. Praesent sit amet velit ut magna pellentesque tristique vitae id mi. Nullam mi sapien, laoreet sed eros quis, sagittis porta sapien.  Nam sollicitudin ex eu commodo eleifend. Aenean ultrices, justo sed efficitur luctus, est mi euismod augue, eu suscipit velit lectus sed arcu. Vivamus laoreet commodo ante, et faucibus elit pretium a. Nulla facilisi. Duis in dui sapien. Maecenas vel orci tincidunt tortor malesuada finibus. Nulla facilisi. Mauris ornare dui vel consequat suscipit. Nullam leo nunc, malesuada sed elit at, mollis tincidunt nisl. Ut tortor velit, dapibus non volutpat ac, congue sed nisl. Mauris volutpat varius risus, sit amet laoreet mi imperdiet faucibus. Donec quis blandit ante. Nunc et dui vel risus porta iaculis.  Nulla id tellus non velit aliquam interdum. Nullam sed turpis rhoncus, varius sem eget, eleifend leo. Sed placerat diam ut magna sagittis sollicitudin vitae varius turpis. In laoreet ex quis ex accumsan, ut facilisis neque auctor. Nulla sed volutpat ligula. Nulla vel diam condimentum, lobortis mi in, scelerisque sapien. Integer maximus facilisis augue. Cum sociis natoque penatibus et magnis dis parturient montes, nascetur ridiculus mus. Aliquam accumsan justo vitae pretium venenatis. Quisque efficitur vulputate elit eget auctor. Cras auctor consectetur eros, rhoncus vehicula turpis tristique in. In lacinia feugiat erat. Suspendisse maximus, sapien in laoreet consequat, massa leo ultrices sapien, a accumsan magna erat nec ligula. Nunc turpis eros, dictum nec aliquam sed, faucibus vitae erat.'),
(520, '520', '2016-11-17 03:32:22', NULL, 1, NULL, 'Lorem ipsum dolor sit amet, consectetur adipiscing elit. Aenean sagittis risus ante, nec sagittis justo efficitur fermentum. Cras sit amet euismod nisi. Nulla sodales diam egestas, ultrices massa quis, aliquam dui. Nulla scelerisque justo eget elementum suscipit. Fusce lorem nisl, imperdiet id porttitor eget, porttitor id lorem. Vivamus in ante imperdiet, tempus urna nec, gravida nisl. Nulla in dapibus risus, tristique bibendum neque.  Sed luctus augue in consectetur tincidunt. In eleifend venenatis dolor, eget accumsan nulla semper sit amet. Ut non dapibus ipsum. Duis egestas neque et dui vehicula, id aliquam ante accumsan. Nam pharetra velit at faucibus tempor. Suspendisse lacinia neque nunc, in molestie tellus ultrices vitae. Vestibulum quis ligula id sapien iaculis finibus. Praesent accumsan mattis metus malesuada laoreet. Donec in facilisis turpis, vel euismod risus. Aliquam pharetra leo molestie, elementum orci vel, tincidunt risus. Cras vel bibendum augue. Nam vitae sapien nec lacus laoreet scelerisque. Vivamus malesuada auctor lectus sed tristique. Quisque commodo nunc sit amet dictum varius.  Pellentesque habitant morbi tristique senectus et netus et malesuada fames ac turpis egestas. In aliquet congue augue quis convallis. Suspendisse id velit dui. Praesent pharetra augue id turpis iaculis, sed condimentum metus commodo. Nulla vel ullamcorper nunc, nec placerat est. Praesent sit amet velit ut magna pellentesque tristique vitae id mi. Nullam mi sapien, laoreet sed eros quis, sagittis porta sapien.  Nam sollicitudin ex eu commodo eleifend. Aenean ultrices, justo sed efficitur luctus, est mi euismod augue, eu suscipit velit lectus sed arcu. Vivamus laoreet commodo ante, et faucibus elit pretium a. Nulla facilisi. Duis in dui sapien. Maecenas vel orci tincidunt tortor malesuada finibus. Nulla facilisi. Mauris ornare dui vel consequat suscipit. Nullam leo nunc, malesuada sed elit at, mollis tincidunt nisl. Ut tortor velit, dapibus non volutpat ac, congue sed nisl. Mauris volutpat varius risus, sit amet laoreet mi imperdiet faucibus. Donec quis blandit ante. Nunc et dui vel risus porta iaculis.');

-- --------------------------------------------------------

--
-- Структура таблицы `news_category`
--

CREATE TABLE `news_category` (
  `id` int(10) UNSIGNED NOT NULL,
  `id_news` int(10) UNSIGNED NOT NULL,
  `id_category` int(10) UNSIGNED NOT NULL
) ENGINE=InnoDB DEFAULT CHARSET=utf8;

--
-- Дамп данных таблицы `news_category`
--

INSERT INTO `news_category` (`id`, `id_news`, `id_category`) VALUES
(1, 1, 16),
(2, 2, 1),
(3, 3, 12),
(4, 4, 2),
(5, 5, 17),
(6, 6, 21),
(7, 7, 12),
(8, 8, 7),
(9, 9, 21),
(10, 10, 21),
(11, 11, 11),
(12, 12, 11),
(13, 13, 5),
(14, 14, 5),
(15, 15, 13),
(16, 16, 9),
(17, 17, 21),
(18, 18, 2),
(19, 19, 12),
(20, 20, 19),
(21, 21, 8),
(22, 22, 11),
(23, 23, 11),
(24, 24, 5),
(25, 25, 1),
(26, 26, 20),
(27, 27, 21),
(28, 28, 14),
(29, 29, 3),
(30, 30, 8),
(31, 31, 3),
(32, 32, 19),
(33, 33, 10),
(34, 34, 18),
(35, 35, 17),
(36, 36, 12),
(37, 37, 13),
(38, 38, 13),
(39, 39, 11),
(40, 40, 5),
(41, 41, 16),
(42, 42, 7),
(43, 43, 21),
(44, 44, 13),
(45, 45, 3),
(46, 46, 14),
(47, 47, 3),
(48, 48, 15),
(49, 49, 20),
(50, 50, 6),
(51, 51, 19),
(52, 52, 3),
(53, 53, 19),
(54, 54, 10),
(55, 55, 5),
(56, 56, 1),
(57, 57, 11),
(58, 58, 9),
(59, 59, 3),
(60, 60, 7),
(61, 61, 1),
(62, 62, 11),
(63, 63, 5),
(64, 64, 9),
(65, 65, 11),
(66, 66, 21),
(67, 67, 4),
(68, 68, 16),
(69, 69, 3),
(70, 70, 16),
(71, 71, 4),
(72, 72, 18),
(73, 73, 7),
(74, 74, 21),
(75, 75, 16),
(76, 76, 19),
(77, 77, 3),
(78, 78, 6),
(79, 79, 12),
(80, 80, 3),
(81, 81, 15),
(82, 82, 4),
(83, 83, 17),
(84, 84, 20),
(85, 85, 13),
(86, 86, 3),
(87, 87, 4),
(88, 88, 13),
(89, 89, 7),
(90, 90, 7),
(91, 91, 13),
(92, 92, 19),
(93, 93, 18),
(94, 94, 12),
(95, 95, 14),
(96, 96, 2),
(97, 97, 11),
(98, 98, 20),
(99, 99, 1),
(100, 100, 6),
(101, 101, 11),
(102, 102, 21),
(103, 103, 3),
(104, 104, 10),
(105, 105, 16),
(106, 106, 3),
(107, 107, 4),
(108, 108, 4),
(109, 109, 4),
(110, 110, 4),
(111, 111, 10),
(112, 112, 5),
(113, 113, 15),
(114, 114, 2),
(115, 115, 3),
(116, 116, 2),
(117, 117, 11),
(118, 118, 16),
(119, 119, 18),
(120, 120, 4),
(121, 121, 7),
(122, 122, 12),
(123, 123, 4),
(124, 124, 9),
(125, 125, 9),
(126, 126, 2),
(127, 127, 7),
(128, 128, 11),
(129, 129, 19),
(130, 130, 5),
(131, 131, 12),
(132, 132, 19),
(133, 133, 7),
(134, 134, 14),
(135, 135, 20),
(136, 136, 1),
(137, 137, 9),
(138, 138, 11),
(139, 139, 5),
(140, 140, 5),
(141, 141, 14),
(142, 142, 6),
(143, 143, 19),
(144, 144, 19),
(145, 145, 6),
(146, 146, 17),
(147, 147, 11),
(148, 148, 6),
(149, 149, 12),
(150, 150, 11),
(151, 151, 21),
(152, 152, 10),
(153, 153, 12),
(154, 154, 1),
(155, 155, 21),
(156, 156, 7),
(157, 157, 11),
(158, 158, 5),
(159, 159, 9),
(160, 160, 3),
(161, 161, 3),
(162, 162, 20),
(163, 163, 10),
(164, 164, 1),
(165, 165, 13),
(166, 166, 19),
(167, 167, 12),
(168, 168, 2),
(169, 169, 10),
(170, 170, 5),
(171, 171, 5),
(172, 172, 5),
(173, 173, 4),
(174, 174, 1),
(175, 175, 13),
(176, 176, 1),
(177, 177, 2),
(178, 178, 8),
(179, 179, 15),
(180, 180, 4),
(181, 181, 15),
(182, 182, 2),
(183, 183, 2),
(184, 184, 16),
(185, 185, 18),
(186, 186, 16),
(187, 187, 8),
(188, 188, 11),
(189, 189, 13),
(190, 190, 5),
(191, 191, 20),
(192, 192, 9),
(193, 193, 21),
(194, 194, 8),
(195, 195, 8),
(196, 196, 5),
(197, 197, 21),
(198, 198, 20),
(199, 199, 20),
(200, 200, 2),
(201, 201, 19),
(202, 202, 20),
(203, 203, 5),
(204, 204, 6),
(205, 205, 21),
(206, 206, 4),
(207, 207, 18),
(208, 208, 11),
(209, 209, 16),
(210, 210, 2),
(211, 211, 3),
(212, 212, 3),
(213, 213, 15),
(214, 214, 21),
(215, 215, 14),
(216, 216, 11),
(217, 217, 20),
(218, 218, 20),
(219, 219, 17),
(220, 220, 20),
(221, 221, 19),
(222, 222, 20),
(223, 223, 7),
(224, 224, 9),
(225, 225, 13),
(226, 226, 7),
(227, 227, 20),
(228, 228, 17),
(229, 229, 14),
(230, 230, 10),
(231, 231, 17),
(232, 232, 13),
(233, 233, 17),
(234, 234, 16),
(235, 235, 9),
(236, 236, 6),
(237, 237, 11),
(238, 238, 12),
(239, 239, 8),
(240, 240, 2),
(241, 241, 4),
(242, 242, 12),
(243, 243, 19),
(244, 244, 1),
(245, 245, 13),
(246, 246, 20),
(247, 247, 19),
(248, 248, 6),
(249, 249, 18),
(250, 250, 16),
(251, 251, 3),
(252, 252, 14),
(253, 253, 20),
(254, 254, 14),
(255, 255, 21),
(256, 256, 19),
(257, 257, 18),
(258, 258, 4),
(259, 259, 10),
(260, 260, 12),
(261, 261, 10),
(262, 262, 8),
(263, 263, 11),
(264, 264, 18),
(265, 265, 18),
(266, 266, 19),
(267, 267, 20),
(268, 268, 10),
(269, 269, 17),
(270, 270, 21),
(271, 271, 7),
(272, 272, 14),
(273, 273, 19),
(274, 274, 2),
(275, 275, 9),
(276, 276, 14),
(277, 277, 8),
(278, 278, 12),
(279, 279, 5),
(280, 280, 15),
(281, 281, 4),
(282, 282, 9),
(283, 283, 17),
(284, 284, 14),
(285, 285, 6),
(286, 286, 1),
(287, 287, 6),
(288, 288, 16),
(289, 289, 21),
(290, 290, 5),
(291, 291, 6),
(292, 292, 6),
(293, 293, 17),
(294, 294, 6),
(295, 295, 11),
(296, 296, 16),
(297, 297, 4),
(298, 298, 12),
(299, 299, 14),
(300, 300, 12),
(301, 301, 3),
(302, 302, 11),
(303, 303, 14),
(304, 304, 10),
(305, 305, 11),
(306, 306, 1),
(307, 307, 21),
(308, 308, 20),
(309, 309, 2),
(310, 310, 6),
(311, 311, 15),
(312, 312, 16),
(313, 313, 14),
(314, 314, 5),
(315, 315, 14),
(316, 316, 20),
(317, 317, 9),
(318, 318, 1),
(319, 319, 18),
(320, 320, 7),
(321, 321, 17),
(322, 322, 3),
(323, 323, 12),
(324, 324, 16),
(325, 325, 9),
(326, 326, 5),
(327, 327, 5),
(328, 328, 1),
(329, 329, 4),
(330, 330, 17),
(331, 331, 8),
(332, 332, 9),
(333, 333, 18),
(334, 334, 11),
(335, 335, 13),
(336, 336, 5),
(337, 337, 13),
(338, 338, 5),
(339, 339, 18),
(340, 340, 4),
(341, 341, 10),
(342, 342, 6),
(343, 343, 13),
(344, 344, 17),
(345, 345, 5),
(346, 346, 2),
(347, 347, 4),
(348, 348, 1),
(349, 349, 9),
(350, 350, 13),
(351, 351, 7),
(352, 352, 16),
(353, 353, 18),
(354, 354, 16),
(355, 355, 14),
(356, 356, 2),
(357, 357, 7),
(358, 358, 6),
(359, 359, 7),
(360, 360, 11),
(361, 361, 20),
(362, 362, 10),
(363, 363, 7),
(364, 364, 19),
(365, 365, 12),
(366, 366, 17),
(367, 367, 12),
(368, 368, 18),
(369, 369, 4),
(370, 370, 17),
(371, 371, 4),
(372, 372, 5),
(373, 373, 5),
(374, 374, 1),
(375, 375, 13),
(376, 376, 17),
(377, 377, 11),
(378, 378, 15),
(379, 379, 16),
(380, 380, 21),
(381, 381, 4),
(382, 382, 3),
(383, 383, 2),
(384, 384, 11),
(385, 385, 11),
(386, 386, 21),
(387, 387, 9),
(388, 388, 12),
(389, 389, 7),
(390, 390, 21),
(391, 391, 4),
(392, 392, 6),
(393, 393, 16),
(394, 394, 2),
(395, 395, 5),
(396, 396, 3),
(397, 397, 6),
(398, 398, 21),
(399, 399, 8),
(400, 400, 6),
(401, 401, 4),
(402, 402, 13),
(403, 403, 4),
(404, 404, 10),
(405, 405, 4),
(406, 406, 13),
(407, 407, 16),
(408, 408, 16),
(409, 409, 4),
(410, 410, 1),
(411, 411, 19),
(412, 412, 18),
(413, 413, 5),
(414, 414, 19),
(415, 415, 16),
(416, 416, 3),
(417, 417, 2),
(418, 418, 15),
(419, 419, 10),
(420, 420, 19),
(421, 421, 2),
(422, 422, 14),
(423, 423, 6),
(424, 424, 1),
(425, 425, 21),
(426, 426, 4),
(427, 427, 4),
(428, 428, 1),
(429, 429, 13),
(430, 430, 19),
(431, 431, 6),
(432, 432, 12),
(433, 433, 17),
(434, 434, 10),
(435, 435, 10),
(436, 436, 9),
(437, 437, 11),
(438, 438, 1),
(439, 439, 21),
(440, 440, 16),
(441, 441, 18),
(442, 442, 4),
(443, 443, 3),
(444, 444, 8),
(445, 445, 1),
(446, 446, 11),
(447, 447, 4),
(448, 448, 5),
(449, 449, 4),
(450, 450, 6),
(451, 451, 11),
(452, 452, 8),
(453, 453, 3),
(454, 454, 16),
(455, 455, 17),
(456, 456, 16),
(457, 457, 12),
(458, 458, 6),
(459, 459, 18),
(460, 460, 8),
(461, 461, 5),
(462, 462, 18),
(463, 463, 17),
(464, 464, 16),
(465, 465, 18),
(466, 466, 1),
(467, 467, 16),
(468, 468, 5),
(469, 469, 5),
(470, 470, 1),
(471, 471, 5),
(472, 472, 19),
(473, 473, 5),
(474, 474, 16),
(475, 475, 11),
(476, 476, 8),
(477, 477, 1),
(478, 478, 8),
(479, 479, 7),
(480, 480, 2),
(481, 481, 17),
(482, 482, 5),
(483, 483, 20),
(484, 484, 6),
(485, 485, 16),
(486, 486, 5),
(487, 487, 11),
(488, 488, 20),
(489, 489, 2),
(490, 490, 5),
(491, 491, 1),
(492, 492, 6),
(493, 493, 21),
(494, 494, 6),
(495, 495, 4),
(496, 496, 3),
(497, 497, 21),
(498, 498, 6),
(499, 499, 17),
(500, 500, 18);

-- --------------------------------------------------------

--
-- Структура таблицы `news_tag`
--

CREATE TABLE `news_tag` (
  `id` int(10) UNSIGNED NOT NULL,
  `id_news` int(10) UNSIGNED NOT NULL,
  `id_tag` int(10) UNSIGNED NOT NULL
) ENGINE=InnoDB DEFAULT CHARSET=utf8;

--
-- Дамп данных таблицы `news_tag`
--

INSERT INTO `news_tag` (`id`, `id_news`, `id_tag`) VALUES
(1, 1, 19),
(2, 2, 29),
(3, 3, 15),
(4, 4, 23),
(5, 5, 7),
(6, 6, 11),
(7, 7, 17),
(8, 8, 31),
(9, 9, 4),
(10, 10, 13),
(11, 11, 23),
(12, 12, 15),
(13, 13, 6),
(14, 14, 26),
(15, 15, 13),
(16, 16, 29),
(17, 17, 11),
(18, 18, 20),
(19, 19, 17),
(20, 20, 9),
(21, 21, 5),
(22, 22, 2),
(23, 23, 8),
(24, 24, 19),
(25, 25, 2),
(26, 26, 24),
(27, 27, 21),
(28, 28, 30),
(29, 29, 11),
(30, 30, 9),
(31, 31, 12),
(32, 32, 16),
(33, 33, 12),
(34, 34, 13),
(35, 35, 22),
(36, 36, 24),
(37, 37, 3),
(38, 38, 29),
(39, 39, 28),
(40, 40, 25),
(41, 41, 10),
(42, 42, 16),
(43, 43, 31),
(44, 44, 30),
(45, 45, 8),
(46, 46, 28),
(47, 47, 18),
(48, 48, 4),
(49, 49, 9),
(50, 50, 10),
(602, 51, 3),
(51, 51, 23),
(52, 52, 18),
(603, 52, 23),
(604, 53, 4),
(53, 53, 24),
(605, 54, 17),
(54, 54, 28),
(606, 55, 4),
(55, 55, 15),
(607, 56, 23),
(56, 56, 25),
(57, 57, 7),
(608, 57, 21),
(58, 58, 13),
(609, 58, 17),
(59, 59, 18),
(610, 59, 28),
(611, 60, 30),
(60, 60, 31),
(61, 61, 4),
(612, 61, 5),
(62, 62, 4),
(613, 62, 24),
(63, 63, 8),
(614, 63, 29),
(615, 64, 7),
(64, 64, 31),
(65, 65, 2),
(616, 65, 15),
(617, 66, 8),
(66, 66, 11),
(618, 67, 14),
(67, 67, 29),
(619, 68, 17),
(68, 68, 19),
(620, 69, 4),
(69, 69, 27),
(70, 70, 5),
(621, 70, 19),
(622, 71, 13),
(71, 71, 22),
(623, 72, 5),
(72, 72, 17),
(624, 73, 3),
(73, 73, 24),
(74, 74, 1),
(625, 74, 11),
(75, 75, 18),
(626, 75, 25),
(627, 76, 10),
(76, 76, 20),
(77, 77, 6),
(628, 77, 10),
(78, 78, 28),
(79, 79, 29),
(633, 80, 10),
(80, 80, 12),
(634, 81, 3),
(81, 81, 20),
(82, 82, 2),
(635, 82, 30),
(83, 83, 8),
(636, 83, 23),
(637, 84, 5),
(84, 84, 26),
(638, 85, 15),
(85, 85, 30),
(86, 86, 9),
(639, 86, 14),
(87, 87, 19),
(642, 88, 14),
(88, 88, 26),
(643, 89, 22),
(89, 89, 30),
(90, 90, 14),
(644, 90, 15),
(91, 91, 4),
(645, 91, 27),
(92, 92, 10),
(646, 92, 20),
(93, 93, 12),
(647, 93, 18),
(94, 94, 14),
(648, 94, 31),
(95, 95, 12),
(649, 95, 18),
(650, 96, 11),
(96, 96, 17),
(651, 97, 1),
(97, 97, 30),
(652, 98, 6),
(98, 98, 12),
(653, 99, 19),
(99, 99, 28),
(654, 100, 8),
(100, 100, 18),
(655, 101, 17),
(412, 101, 18),
(409, 101, 21),
(401, 101, 24),
(101, 101, 30),
(413, 102, 4),
(656, 102, 14),
(102, 102, 19),
(454, 102, 23),
(402, 102, 31),
(103, 103, 2),
(657, 103, 14),
(455, 103, 15),
(414, 103, 16),
(403, 103, 29),
(415, 104, 9),
(104, 104, 20),
(456, 104, 26),
(658, 104, 28),
(404, 104, 30),
(105, 105, 13),
(659, 105, 16),
(416, 105, 17),
(457, 105, 23),
(458, 106, 1),
(660, 106, 8),
(417, 106, 13),
(106, 106, 27),
(661, 107, 7),
(107, 107, 29),
(418, 107, 30),
(419, 108, 12),
(108, 108, 26),
(461, 109, 5),
(109, 109, 7),
(420, 109, 13),
(664, 109, 29),
(462, 110, 1),
(665, 110, 8),
(421, 110, 10),
(110, 110, 20),
(463, 111, 2),
(111, 111, 13),
(422, 111, 15),
(112, 112, 3),
(668, 112, 10),
(423, 112, 12),
(464, 112, 29),
(669, 113, 15),
(113, 113, 21),
(424, 113, 28),
(467, 114, 1),
(670, 114, 4),
(425, 114, 29),
(114, 114, 31),
(115, 115, 9),
(468, 115, 17),
(426, 115, 26),
(671, 115, 27),
(427, 116, 4),
(116, 116, 9),
(672, 116, 18),
(469, 116, 25),
(470, 117, 6),
(428, 117, 7),
(673, 117, 8),
(117, 117, 31),
(118, 118, 6),
(471, 118, 14),
(429, 118, 16),
(674, 118, 18),
(472, 119, 3),
(430, 119, 10),
(119, 119, 11),
(675, 119, 27),
(431, 120, 4),
(120, 120, 7),
(473, 120, 13),
(676, 120, 30),
(432, 121, 13),
(121, 121, 20),
(474, 121, 28),
(677, 121, 30),
(678, 122, 5),
(433, 122, 9),
(475, 122, 15),
(122, 122, 19),
(679, 123, 2),
(476, 123, 4),
(123, 123, 12),
(434, 123, 20),
(680, 124, 5),
(124, 124, 10),
(477, 124, 12),
(478, 125, 3),
(681, 125, 17),
(125, 125, 19),
(126, 126, 8),
(479, 126, 19),
(682, 126, 25),
(127, 127, 2),
(480, 127, 5),
(683, 127, 10),
(684, 128, 8),
(481, 128, 10),
(128, 128, 11),
(482, 129, 3),
(685, 129, 23),
(129, 129, 25),
(130, 130, 14),
(483, 130, 18),
(686, 130, 23),
(131, 131, 6),
(687, 131, 21),
(484, 131, 29),
(132, 132, 8),
(688, 132, 28),
(485, 132, 31),
(689, 133, 3),
(133, 133, 24),
(486, 133, 31),
(134, 134, 14),
(690, 134, 18),
(487, 134, 21),
(135, 135, 1),
(488, 135, 24),
(691, 135, 30),
(692, 136, 19),
(489, 136, 22),
(136, 136, 23),
(137, 137, 3),
(490, 137, 10),
(693, 137, 30),
(491, 138, 22),
(694, 138, 25),
(138, 138, 26),
(695, 139, 9),
(492, 139, 10),
(139, 139, 28),
(696, 140, 1),
(493, 140, 19),
(140, 140, 25),
(697, 141, 8),
(141, 141, 12),
(698, 142, 7),
(142, 142, 9),
(143, 143, 4),
(699, 143, 27),
(144, 144, 18),
(700, 144, 29),
(701, 145, 5),
(145, 145, 17),
(702, 146, 28),
(146, 146, 30),
(147, 147, 15),
(703, 147, 17),
(704, 148, 1),
(148, 148, 13),
(149, 149, 19),
(705, 149, 31),
(706, 150, 3),
(150, 150, 8),
(151, 151, 5),
(152, 152, 31),
(153, 153, 19),
(154, 154, 24),
(155, 155, 20),
(156, 156, 27),
(157, 157, 10),
(158, 158, 12),
(159, 159, 21),
(160, 160, 23),
(161, 161, 23),
(162, 162, 22),
(163, 163, 27),
(164, 164, 13),
(165, 165, 4),
(166, 166, 26),
(167, 167, 14),
(168, 168, 31),
(169, 169, 12),
(170, 170, 3),
(171, 171, 31),
(172, 172, 27),
(173, 173, 1),
(174, 174, 18),
(175, 175, 14),
(176, 176, 20),
(177, 177, 19),
(178, 178, 27),
(179, 179, 14),
(180, 180, 8),
(181, 181, 21),
(182, 182, 7),
(183, 183, 20),
(184, 184, 1),
(185, 185, 10),
(186, 186, 5),
(187, 187, 9),
(188, 188, 24),
(189, 189, 31),
(190, 190, 13),
(191, 191, 23),
(192, 192, 6),
(193, 193, 8),
(194, 194, 22),
(195, 195, 28),
(196, 196, 5),
(197, 197, 21),
(198, 198, 3),
(199, 199, 4),
(200, 200, 29),
(201, 201, 8),
(494, 201, 21),
(202, 202, 20),
(495, 202, 24),
(496, 203, 9),
(203, 203, 24),
(497, 204, 2),
(204, 204, 3),
(498, 205, 6),
(205, 205, 20),
(499, 206, 24),
(206, 206, 30),
(207, 207, 6),
(500, 207, 24),
(501, 208, 8),
(208, 208, 30),
(502, 209, 8),
(209, 209, 31),
(210, 210, 24),
(503, 210, 30),
(211, 211, 14),
(504, 211, 23),
(212, 212, 5),
(505, 212, 23),
(213, 213, 28),
(506, 213, 30),
(507, 214, 20),
(214, 214, 24),
(508, 215, 11),
(215, 215, 14),
(216, 216, 7),
(509, 216, 16),
(217, 217, 1),
(510, 217, 31),
(218, 218, 17),
(511, 218, 20),
(512, 219, 14),
(219, 219, 18),
(220, 220, 12),
(513, 220, 26),
(514, 221, 11),
(221, 221, 22),
(222, 222, 6),
(515, 222, 30),
(516, 223, 15),
(223, 223, 22),
(517, 224, 23),
(224, 224, 24),
(518, 225, 14),
(225, 225, 26),
(226, 226, 11),
(519, 226, 29),
(227, 227, 22),
(520, 227, 29),
(521, 228, 3),
(228, 228, 6),
(229, 229, 9),
(522, 229, 14),
(523, 230, 21),
(230, 230, 25),
(231, 231, 3),
(524, 231, 14),
(525, 232, 14),
(232, 232, 16),
(233, 233, 1),
(526, 233, 23),
(527, 234, 5),
(234, 234, 22),
(528, 235, 1),
(235, 235, 16),
(529, 236, 1),
(236, 236, 28),
(530, 237, 3),
(237, 237, 15),
(238, 238, 7),
(531, 238, 13),
(532, 239, 8),
(239, 239, 24),
(240, 240, 2),
(533, 240, 19),
(241, 241, 2),
(534, 241, 11),
(535, 242, 26),
(242, 242, 30),
(536, 243, 12),
(243, 243, 28),
(537, 244, 15),
(244, 244, 19),
(538, 245, 8),
(245, 245, 14),
(539, 246, 14),
(246, 246, 24),
(247, 247, 25),
(540, 247, 31),
(541, 248, 21),
(248, 248, 24),
(542, 249, 1),
(249, 249, 12),
(543, 250, 7),
(250, 250, 28),
(544, 251, 9),
(251, 251, 26),
(545, 252, 14),
(252, 252, 18),
(546, 253, 3),
(253, 253, 28),
(254, 254, 8),
(547, 254, 23),
(255, 255, 16),
(548, 255, 21),
(549, 256, 9),
(256, 256, 21),
(257, 257, 4),
(550, 257, 27),
(258, 258, 17),
(551, 258, 25),
(552, 259, 18),
(259, 259, 27),
(553, 260, 7),
(260, 260, 14),
(554, 261, 16),
(261, 261, 20),
(555, 262, 5),
(262, 262, 17),
(556, 263, 3),
(263, 263, 27),
(557, 264, 2),
(264, 264, 16),
(265, 265, 21),
(558, 265, 30),
(559, 266, 3),
(266, 266, 17),
(560, 267, 10),
(267, 267, 20),
(268, 268, 18),
(561, 268, 20),
(269, 269, 1),
(562, 269, 31),
(270, 270, 11),
(563, 270, 29),
(564, 271, 2),
(271, 271, 12),
(272, 272, 6),
(565, 272, 7),
(566, 273, 18),
(273, 273, 28),
(567, 274, 8),
(274, 274, 13),
(568, 275, 1),
(275, 275, 2),
(276, 276, 5),
(569, 276, 11),
(277, 277, 15),
(278, 278, 4),
(572, 278, 27),
(279, 279, 19),
(573, 279, 21),
(574, 280, 10),
(280, 280, 24),
(281, 281, 11),
(282, 282, 12),
(577, 282, 28),
(283, 283, 3),
(578, 283, 29),
(579, 284, 15),
(284, 284, 26),
(285, 285, 27),
(580, 285, 30),
(286, 286, 16),
(581, 286, 20),
(287, 287, 11),
(582, 287, 29),
(583, 288, 9),
(288, 288, 15),
(584, 289, 21),
(289, 289, 27),
(585, 290, 19),
(290, 290, 24),
(586, 291, 21),
(291, 291, 27),
(292, 292, 16),
(587, 292, 19),
(588, 293, 2),
(293, 293, 8),
(294, 294, 15),
(589, 294, 28),
(295, 295, 14),
(590, 295, 26),
(591, 296, 3),
(296, 296, 11),
(297, 297, 2),
(592, 297, 8),
(298, 298, 3),
(593, 298, 15),
(594, 299, 9),
(299, 299, 10),
(595, 300, 20),
(300, 300, 23),
(301, 301, 18),
(302, 302, 2),
(303, 303, 31),
(304, 304, 4),
(305, 305, 1),
(306, 306, 15),
(307, 307, 12),
(308, 308, 8),
(309, 309, 22),
(310, 310, 5),
(311, 311, 7),
(312, 312, 4),
(313, 313, 12),
(314, 314, 22),
(315, 315, 31),
(316, 316, 16),
(317, 317, 5),
(318, 318, 12),
(319, 319, 30),
(320, 320, 23),
(321, 321, 16),
(322, 322, 30),
(323, 323, 3),
(324, 324, 21),
(325, 325, 31),
(326, 326, 27),
(327, 327, 2),
(328, 328, 15),
(329, 329, 15),
(330, 330, 13),
(331, 331, 21),
(332, 332, 6),
(333, 333, 2),
(334, 334, 21),
(335, 335, 31),
(336, 336, 28),
(337, 337, 8),
(338, 338, 26),
(339, 339, 15),
(340, 340, 23),
(341, 341, 13),
(342, 342, 23),
(343, 343, 17),
(344, 344, 3),
(345, 345, 12),
(346, 346, 28),
(347, 347, 15),
(348, 348, 28),
(349, 349, 25),
(350, 350, 31),
(351, 351, 13),
(352, 352, 9),
(353, 353, 16),
(354, 354, 4),
(355, 355, 12),
(356, 356, 14),
(357, 357, 28),
(358, 358, 13),
(359, 359, 29),
(360, 360, 5),
(361, 361, 1),
(362, 362, 31),
(363, 363, 21),
(364, 364, 16),
(365, 365, 20),
(366, 366, 14),
(367, 367, 20),
(368, 368, 31),
(369, 369, 5),
(370, 370, 6),
(371, 371, 5),
(372, 372, 3),
(373, 373, 4),
(374, 374, 7),
(375, 375, 11),
(376, 376, 20),
(377, 377, 22),
(378, 378, 6),
(379, 379, 7),
(380, 380, 11),
(381, 381, 19),
(382, 382, 20),
(383, 383, 31),
(384, 384, 30),
(385, 385, 2),
(386, 386, 20),
(387, 387, 21),
(388, 388, 18),
(389, 389, 10),
(390, 390, 26),
(391, 391, 21),
(392, 392, 8),
(393, 393, 18),
(394, 394, 11),
(395, 395, 5),
(396, 396, 31),
(397, 397, 14),
(398, 398, 20),
(399, 399, 11),
(400, 400, 12);

-- --------------------------------------------------------

--
-- Структура таблицы `tag`
--

CREATE TABLE `tag` (
  `id` int(10) UNSIGNED NOT NULL,
  `name` varchar(200) NOT NULL
) ENGINE=InnoDB DEFAULT CHARSET=utf8;

--
-- Дамп данных таблицы `tag`
--

INSERT INTO `tag` (`id`, `name`) VALUES
(28, '2016'),
(2, 'aliquam'),
(5, 'amet'),
(6, 'ante'),
(12, 'blandit'),
(10, 'cursus'),
(30, 'donec'),
(7, 'duis'),
(19, 'economy'),
(13, 'eleifend'),
(4, 'faucibus'),
(1, 'first'),
(16, 'hac'),
(9, 'leo'),
(3, 'maecenas'),
(18, 'metus'),
(17, 'mi'),
(27, 'new'),
(22, 'politik'),
(11, 'posuere'),
(21, 'russian'),
(31, 'sagittis'),
(14, 'sed'),
(8, 'sollicitudin'),
(24, 'sport'),
(25, 'stuff'),
(20, 'ukraine'),
(15, 'vel'),
(23, 'world'),
(26, 'wow'),
(29, 'wow_2016');

-- --------------------------------------------------------

--
-- Структура таблицы `user`
--

CREATE TABLE `user` (
  `id` int(10) UNSIGNED NOT NULL,
  `first_name` varchar(30) NOT NULL,
  `last_name` varchar(30) NOT NULL,
  `login` varchar(30) NOT NULL,
  `email` varchar(50) NOT NULL,
  `password` varchar(100) NOT NULL,
  `date_of_birth` date NOT NULL,
  `role` varchar(30) NOT NULL DEFAULT 'user'
) ENGINE=InnoDB DEFAULT CHARSET=utf8;

--
-- Дамп данных таблицы `user`
--

INSERT INTO `user` (`id`, `first_name`, `last_name`, `login`, `email`, `password`, `date_of_birth`, `role`) VALUES
(1, 'Andrii', 'Arkhyliuk', 'admin', 'admin@mail.ru', '51daad8801f10d8f92e02d62dd6fc7bb', '1986-05-23', 'admin'),
(2, 'Olga', 'Arkhyliuk', 'moderator', 'moderator@mail.ru', 'passwordmoderator', '1986-04-08', 'moderator'),
(3, 'Natali', 'Arkhyliuk', 'author', 'author@mail.ru', 'passwordathor', '1988-09-20', 'author'),
(4, 'Denise', 'Dunn', 'user', 'ddunn0@technorati.com', '087e6cd0f906198579bb481bd675a250', '1990-03-02', 'user'),
(5, 'Kimberly', 'Nguyen', 'tincidunt', 'knguyen1@nba.com', 'fG6nx913DhyD', '1984-11-15', 'user'),
(6, 'Kevin', 'Kelly', 'dictumst', 'kkelly2@nydailynews.com', 'c1ZstW', '1987-07-21', 'user'),
(7, 'Judy', 'Kim', 'felis', 'jkim3@irs.gov', 'yGmGef', '1990-04-03', 'user'),
(8, 'Karen', 'Fisher', 'gravida', 'kfisher4@sun.com', 'SNkoTEsy', '1981-02-24', 'user'),
(9, 'Craig', 'Woods', 'vel', 'cwoods5@discovery.com', 'eFR0TK8fc', '1984-06-24', 'user'),
(10, 'Virginia', 'Willis', 'volutpat', 'vwillis6@vistaprint.com', 'EfftrrfvEaG', '1990-06-05', 'user'),
(11, 'Debra', 'Bell', 'erat', 'dbell7@over-blog.com', 'jRd1CwSk', '1982-03-21', 'user'),
(12, 'Paula', 'Chavez', 'sollicitudin', 'pchavez8@answers.com', '5SpQszrW', '1984-04-18', 'user'),
(13, 'Nicole', 'Richards', 'eget', 'nrichards9@cornell.edu', '0cf4NN7A', '1985-04-20', 'user'),
(14, 'Shon', 'Shon', 'Shon', 'Shon@gmail.com', '666ff69f95f0a45b7dd7f84e14b298d5', '1986-05-23', 'user'),
(15, 'Lolo', 'Lolo', 'Lolo', 'Lolo@gmail.com', '97519d3ff2b2cd800123c5e18ed59b88', '1986-03-08', 'user');

--
-- Индексы сохранённых таблиц
--

--
-- Индексы таблицы `advertising`
--
ALTER TABLE `advertising`
  ADD PRIMARY KEY (`id`);

--
-- Индексы таблицы `category`
--
ALTER TABLE `category`
  ADD PRIMARY KEY (`id`),
  ADD UNIQUE KEY `unique_category` (`id_parent`,`name`);

--
-- Индексы таблицы `comment`
--
ALTER TABLE `comment`
  ADD PRIMARY KEY (`id`),
  ADD KEY `id_user` (`id_user`),
  ADD KEY `id_news` (`id_news`);

--
-- Индексы таблицы `news`
--
ALTER TABLE `news`
  ADD PRIMARY KEY (`id`),
  ADD KEY `id_user` (`id_user`);

--
-- Индексы таблицы `news_category`
--
ALTER TABLE `news_category`
  ADD PRIMARY KEY (`id`),
  ADD UNIQUE KEY `unique_news_category` (`id_news`,`id_category`),
  ADD KEY `id_news` (`id_news`),
  ADD KEY `id_category` (`id_category`);

--
-- Индексы таблицы `news_tag`
--
ALTER TABLE `news_tag`
  ADD PRIMARY KEY (`id`),
  ADD UNIQUE KEY `unique_news_tag` (`id_news`,`id_tag`),
  ADD KEY `id_news` (`id_news`),
  ADD KEY `id_tag` (`id_tag`);

--
-- Индексы таблицы `tag`
--
ALTER TABLE `tag`
  ADD PRIMARY KEY (`id`),
  ADD UNIQUE KEY `name` (`name`);

--
-- Индексы таблицы `user`
--
ALTER TABLE `user`
  ADD PRIMARY KEY (`id`),
  ADD UNIQUE KEY `login` (`login`),
  ADD UNIQUE KEY `email` (`email`);

--
-- AUTO_INCREMENT для сохранённых таблиц
--

--
-- AUTO_INCREMENT для таблицы `advertising`
--
ALTER TABLE `advertising`
  MODIFY `id` int(10) UNSIGNED NOT NULL AUTO_INCREMENT, AUTO_INCREMENT=21;
--
-- AUTO_INCREMENT для таблицы `category`
--
ALTER TABLE `category`
  MODIFY `id` int(10) UNSIGNED NOT NULL AUTO_INCREMENT, AUTO_INCREMENT=22;
--
-- AUTO_INCREMENT для таблицы `comment`
--
ALTER TABLE `comment`
  MODIFY `id` int(10) UNSIGNED NOT NULL AUTO_INCREMENT, AUTO_INCREMENT=451;
--
-- AUTO_INCREMENT для таблицы `news`
--
ALTER TABLE `news`
  MODIFY `id` int(10) UNSIGNED NOT NULL AUTO_INCREMENT, AUTO_INCREMENT=521;
--
-- AUTO_INCREMENT для таблицы `news_category`
--
ALTER TABLE `news_category`
  MODIFY `id` int(10) UNSIGNED NOT NULL AUTO_INCREMENT, AUTO_INCREMENT=501;
--
-- AUTO_INCREMENT для таблицы `news_tag`
--
ALTER TABLE `news_tag`
  MODIFY `id` int(10) UNSIGNED NOT NULL AUTO_INCREMENT, AUTO_INCREMENT=707;
--
-- AUTO_INCREMENT для таблицы `tag`
--
ALTER TABLE `tag`
  MODIFY `id` int(10) UNSIGNED NOT NULL AUTO_INCREMENT, AUTO_INCREMENT=32;
--
-- AUTO_INCREMENT для таблицы `user`
--
ALTER TABLE `user`
  MODIFY `id` int(10) UNSIGNED NOT NULL AUTO_INCREMENT, AUTO_INCREMENT=16;
--
-- Ограничения внешнего ключа сохраненных таблиц
--

--
-- Ограничения внешнего ключа таблицы `comment`
--
ALTER TABLE `comment`
  ADD CONSTRAINT `Delete_news` FOREIGN KEY (`id_news`) REFERENCES `news` (`id`) ON DELETE CASCADE ON UPDATE CASCADE,
  ADD CONSTRAINT `Delete_user` FOREIGN KEY (`id_user`) REFERENCES `user` (`id`) ON DELETE CASCADE ON UPDATE CASCADE;

--
-- Ограничения внешнего ключа таблицы `news`
--
ALTER TABLE `news`
  ADD CONSTRAINT `Delete_user_admin` FOREIGN KEY (`id_user`) REFERENCES `user` (`id`) ON DELETE SET NULL ON UPDATE CASCADE;

--
-- Ограничения внешнего ключа таблицы `news_category`
--
ALTER TABLE `news_category`
  ADD CONSTRAINT `Delete_category` FOREIGN KEY (`id_category`) REFERENCES `category` (`id`) ON DELETE CASCADE ON UPDATE CASCADE,
  ADD CONSTRAINT `Delete_news_category` FOREIGN KEY (`id_news`) REFERENCES `news` (`id`) ON DELETE CASCADE ON UPDATE CASCADE;

--
-- Ограничения внешнего ключа таблицы `news_tag`
--
ALTER TABLE `news_tag`
  ADD CONSTRAINT `Delete_news_tag` FOREIGN KEY (`id_news`) REFERENCES `news` (`id`) ON DELETE CASCADE ON UPDATE CASCADE,
  ADD CONSTRAINT `Delete_tag` FOREIGN KEY (`id_tag`) REFERENCES `tag` (`id`) ON DELETE CASCADE ON UPDATE CASCADE;

/*!40101 SET CHARACTER_SET_CLIENT=@OLD_CHARACTER_SET_CLIENT */;
/*!40101 SET CHARACTER_SET_RESULTS=@OLD_CHARACTER_SET_RESULTS */;
/*!40101 SET COLLATION_CONNECTION=@OLD_COLLATION_CONNECTION */;
